img_name,img_path,Healthy,Unhealthy,split_type
01wbfrvx.qqq.jpg,cds/Healthy/01wbfrvx.qqq.jpg,1,0,train
020tolin.yfv.jpg,cds/Healthy/020tolin.yfv.jpg,1,0,train
03hpuh24.o3c.jpg,cds/Healthy/03hpuh24.o3c.jpg,1,0,train
0c0ryf23.oxu.jpg,cds/Healthy/0c0ryf23.oxu.jpg,1,0,train
0cayiqim.qj1.jpg,cds/Healthy/0cayiqim.qj1.jpg,1,0,train
0ffsqyv0.qsu.jpg,cds/Healthy/0ffsqyv0.qsu.jpg,1,0,train
0g5jmhfe.cxy.jpg,cds/Healthy/0g5jmhfe.cxy.jpg,1,0,train
0h4bi1rw.ofc.jpg,cds/Healthy/0h4bi1rw.ofc.jpg,1,0,train
0k3hsttu.zmu.jpg,cds/Healthy/0k3hsttu.zmu.jpg,1,0,train
0ljihjdw.qmr.jpg,cds/Healthy/0ljihjdw.qmr.jpg,1,0,train
0lq55h5l.xbp.jpg,cds/Healthy/0lq55h5l.xbp.jpg,1,0,train
0n2g3s3x.ccp.jpg,cds/Healthy/0n2g3s3x.ccp.jpg,1,0,train
0nlur0yf.5uj.jpg,cds/Healthy/0nlur0yf.5uj.jpg,1,0,train
0olum1wy.pdc.jpg,cds/Healthy/0olum1wy.pdc.jpg,1,0,test
0q4cjrfo.5fs.jpg,cds/Healthy/0q4cjrfo.5fs.jpg,1,0,train
0s4jxkis.gkg.jpg,cds/Healthy/0s4jxkis.gkg.jpg,1,0,train
0s5xfuun.pxz.jpg,cds/Healthy/0s5xfuun.pxz.jpg,1,0,train
0u1s15bm.ygk.jpg,cds/Healthy/0u1s15bm.ygk.jpg,1,0,train
0ucgzrwm.lns.jpg,cds/Healthy/0ucgzrwm.lns.jpg,1,0,train
0wppjlos.owi.jpg,cds/Healthy/0wppjlos.owi.jpg,1,0,train
0x45wpui.yw4.jpg,cds/Healthy/0x45wpui.yw4.jpg,1,0,train
0x4hil3e.x4g.jpg,cds/Healthy/0x4hil3e.x4g.jpg,1,0,train
0xc2xwbq.dxy.jpg,cds/Healthy/0xc2xwbq.dxy.jpg,1,0,train
0xd2zcxu.5ae.jpg,cds/Healthy/0xd2zcxu.5ae.jpg,1,0,train
0xkr5wwh.glq.jpg,cds/Healthy/0xkr5wwh.glq.jpg,1,0,train
0yfi0oaj.w5i.jpg,cds/Healthy/0yfi0oaj.w5i.jpg,1,0,test
0zoivt4u.jqg.jpg,cds/Healthy/0zoivt4u.jqg.jpg,1,0,test
10rhspk2.l0s.jpg,cds/Healthy/10rhspk2.l0s.jpg,1,0,train
13dovhkg.mxn.jpg,cds/Healthy/13dovhkg.mxn.jpg,1,0,train
15mawwmi.wvs.jpg,cds/Healthy/15mawwmi.wvs.jpg,1,0,val
1c2rupix.wot.jpg,cds/Healthy/1c2rupix.wot.jpg,1,0,val
1cb33rke.1fn.jpg,cds/Healthy/1cb33rke.1fn.jpg,1,0,train
1e1llei0.ce3.jpg,cds/Healthy/1e1llei0.ce3.jpg,1,0,train
1gvda1yc.xqe.jpg,cds/Healthy/1gvda1yc.xqe.jpg,1,0,train
1hvqulmu.2u1.jpg,cds/Healthy/1hvqulmu.2u1.jpg,1,0,train
1i1n0xvp.kvz.jpg,cds/Healthy/1i1n0xvp.kvz.jpg,1,0,train
1iskz5bv.m2f.jpg,cds/Healthy/1iskz5bv.m2f.jpg,1,0,train
1jc0rur0.zzk.jpg,cds/Healthy/1jc0rur0.zzk.jpg,1,0,test
1jgzsqdn.5eh.jpg,cds/Healthy/1jgzsqdn.5eh.jpg,1,0,train
1kdarsy2.fef.jpg,cds/Healthy/1kdarsy2.fef.jpg,1,0,train
1ly04a0t.mas.jpg,cds/Healthy/1ly04a0t.mas.jpg,1,0,test
1rdzuigg.cqv.jpg,cds/Healthy/1rdzuigg.cqv.jpg,1,0,train
1uik3we4.vuo.jpg,cds/Healthy/1uik3we4.vuo.jpg,1,0,train
1vqeolny.2g4.jpg,cds/Healthy/1vqeolny.2g4.jpg,1,0,train
1ws0z5ij.cku.jpg,cds/Healthy/1ws0z5ij.cku.jpg,1,0,train
1xj1vsha.lyz.jpg,cds/Healthy/1xj1vsha.lyz.jpg,1,0,test
1zmaj3t2.uvz.jpg,cds/Healthy/1zmaj3t2.uvz.jpg,1,0,train
21fgehs4.l4o.jpg,cds/Healthy/21fgehs4.l4o.jpg,1,0,train
221vnarr.cdm.jpg,cds/Healthy/221vnarr.cdm.jpg,1,0,train
22nzfcdp.or0.jpg,cds/Healthy/22nzfcdp.or0.jpg,1,0,train
23whedt2.5af.jpg,cds/Healthy/23whedt2.5af.jpg,1,0,train
24bxxmw3.y4t.jpg,cds/Healthy/24bxxmw3.y4t.jpg,1,0,val
2gijshkp.cbq.jpg,cds/Healthy/2gijshkp.cbq.jpg,1,0,train
2jbwzhez.c3d.jpg,cds/Healthy/2jbwzhez.c3d.jpg,1,0,train
2mhszkct.3xl.jpg,cds/Healthy/2mhszkct.3xl.jpg,1,0,train
2qae4135.3f1.jpg,cds/Healthy/2qae4135.3f1.jpg,1,0,train
2s0tiyrm.00o.jpg,cds/Healthy/2s0tiyrm.00o.jpg,1,0,train
2t00qmpr.d2x.jpg,cds/Healthy/2t00qmpr.d2x.jpg,1,0,train
2ufc3grr.snr.jpg,cds/Healthy/2ufc3grr.snr.jpg,1,0,train
2unkzsus.coe.jpg,cds/Healthy/2unkzsus.coe.jpg,1,0,train
2vsjyls3.huz.jpg,cds/Healthy/2vsjyls3.huz.jpg,1,0,test
2xel4gfl.h34.jpg,cds/Healthy/2xel4gfl.h34.jpg,1,0,train
2xkddgmu.pk1.jpg,cds/Healthy/2xkddgmu.pk1.jpg,1,0,train
2xz1b3qu.m23.jpg,cds/Healthy/2xz1b3qu.m23.jpg,1,0,val
2ybdljav.4vr.jpg,cds/Healthy/2ybdljav.4vr.jpg,1,0,train
2zeckhlp.1fu.jpg,cds/Healthy/2zeckhlp.1fu.jpg,1,0,train
2zl2lmds.lqi.jpg,cds/Healthy/2zl2lmds.lqi.jpg,1,0,train
312dt3du.bpy.jpg,cds/Healthy/312dt3du.bpy.jpg,1,0,train
32v445qc.pie.jpg,cds/Healthy/32v445qc.pie.jpg,1,0,train
34wjrczs.0hx.jpg,cds/Healthy/34wjrczs.0hx.jpg,1,0,train
35v3gahy.wb0.jpg,cds/Healthy/35v3gahy.wb0.jpg,1,0,train
3bltiqd2.mth.jpg,cds/Healthy/3bltiqd2.mth.jpg,1,0,train
3drfe20h.cqz.jpg,cds/Healthy/3drfe20h.cqz.jpg,1,0,train
3ezhtoqp.drp.jpg,cds/Healthy/3ezhtoqp.drp.jpg,1,0,train
3imatrn3.0oj.jpg,cds/Healthy/3imatrn3.0oj.jpg,1,0,train
3n2fxayz.hur.jpg,cds/Healthy/3n2fxayz.hur.jpg,1,0,train
3nlrwlyt.a2u.jpg,cds/Healthy/3nlrwlyt.a2u.jpg,1,0,train
3pudsfue.4pf.jpg,cds/Healthy/3pudsfue.4pf.jpg,1,0,test
3sryubgi.ygw.jpg,cds/Healthy/3sryubgi.ygw.jpg,1,0,train
3v2ahz2h.f5s.jpg,cds/Healthy/3v2ahz2h.f5s.jpg,1,0,val
3wc3t3nx.l05.jpg,cds/Healthy/3wc3t3nx.l05.jpg,1,0,train
3xrqamx4.b5s.jpg,cds/Healthy/3xrqamx4.b5s.jpg,1,0,train
3xwnoblo.noa.jpg,cds/Healthy/3xwnoblo.noa.jpg,1,0,test
3yugi0a4.la1.jpg,cds/Healthy/3yugi0a4.la1.jpg,1,0,train
3zeltmey.txl.jpg,cds/Healthy/3zeltmey.txl.jpg,1,0,test
40wljma2.cei.jpg,cds/Healthy/40wljma2.cei.jpg,1,0,train
43pgug4b.glm.jpg,cds/Healthy/43pgug4b.glm.jpg,1,0,train
4ccdhg2f.x50.jpg,cds/Healthy/4ccdhg2f.x50.jpg,1,0,train
4enhg0b2.odq.jpg,cds/Healthy/4enhg0b2.odq.jpg,1,0,test
4esbdt14.02e.jpg,cds/Healthy/4esbdt14.02e.jpg,1,0,val
4fhmoaks.wdx.jpg,cds/Healthy/4fhmoaks.wdx.jpg,1,0,train
4hmlqeum.uto.jpg,cds/Healthy/4hmlqeum.uto.jpg,1,0,train
4hptg5mk.zs4.jpg,cds/Healthy/4hptg5mk.zs4.jpg,1,0,train
4itr0ii5.hlg.jpg,cds/Healthy/4itr0ii5.hlg.jpg,1,0,val
4jowqjnn.fll.jpg,cds/Healthy/4jowqjnn.fll.jpg,1,0,train
4kgn2owx.gtv.jpg,cds/Healthy/4kgn2owx.gtv.jpg,1,0,train
4n5wqnqm.dix.jpg,cds/Healthy/4n5wqnqm.dix.jpg,1,0,train
4nr30tsc.jkb.jpg,cds/Healthy/4nr30tsc.jkb.jpg,1,0,train
4qjw2uzy.aqo.jpg,cds/Healthy/4qjw2uzy.aqo.jpg,1,0,train
4qk01xnz.oqd.jpg,cds/Healthy/4qk01xnz.oqd.jpg,1,0,train
4thhfk5g.5u2.jpg,cds/Healthy/4thhfk5g.5u2.jpg,1,0,train
4vg5h2ie.orc.jpg,cds/Healthy/4vg5h2ie.orc.jpg,1,0,train
4zbb0ua2.ekx.jpg,cds/Healthy/4zbb0ua2.ekx.jpg,1,0,train
4ztztynn.y2o.jpg,cds/Healthy/4ztztynn.y2o.jpg,1,0,train
50hrcko5.xcz.jpg,cds/Healthy/50hrcko5.xcz.jpg,1,0,val
50mdpsoi.omo.jpg,cds/Healthy/50mdpsoi.omo.jpg,1,0,train
54mavdkp.cpb.jpg,cds/Healthy/54mavdkp.cpb.jpg,1,0,train
54q4kcaz.vt1.jpg,cds/Healthy/54q4kcaz.vt1.jpg,1,0,train
5apw1tbf.31i.jpg,cds/Healthy/5apw1tbf.31i.jpg,1,0,train
5b020zrr.l0q.jpg,cds/Healthy/5b020zrr.l0q.jpg,1,0,train
5bdczv1y.q2j.jpg,cds/Healthy/5bdczv1y.q2j.jpg,1,0,train
5bfmx0fs.to0.jpg,cds/Healthy/5bfmx0fs.to0.jpg,1,0,train
5bo1v5ej.oqt.jpg,cds/Healthy/5bo1v5ej.oqt.jpg,1,0,train
5eq4xqcu.snk.jpg,cds/Healthy/5eq4xqcu.snk.jpg,1,0,train
5hacfosa.1ne.jpg,cds/Healthy/5hacfosa.1ne.jpg,1,0,train
5hhpdvao.vyz.jpg,cds/Healthy/5hhpdvao.vyz.jpg,1,0,train
5mtgcrad.soe.jpg,cds/Healthy/5mtgcrad.soe.jpg,1,0,train
5o0ed01m.vl4.jpg,cds/Healthy/5o0ed01m.vl4.jpg,1,0,train
5oteug3p.dch.jpg,cds/Healthy/5oteug3p.dch.jpg,1,0,train
5p0jjjsx.jml.jpg,cds/Healthy/5p0jjjsx.jml.jpg,1,0,test
5qr4d0pp.13d.jpg,cds/Healthy/5qr4d0pp.13d.jpg,1,0,train
5sfw0feb.qvi.jpg,cds/Healthy/5sfw0feb.qvi.jpg,1,0,train
5sswfqwf.lmi.jpg,cds/Healthy/5sswfqwf.lmi.jpg,1,0,train
5szh2b4k.mq0.jpg,cds/Healthy/5szh2b4k.mq0.jpg,1,0,train
5wzzgz2q.onb.jpg,cds/Healthy/5wzzgz2q.onb.jpg,1,0,train
5xhp0fj4.r5w.jpg,cds/Healthy/5xhp0fj4.r5w.jpg,1,0,train
5xug3ms2.suy.jpg,cds/Healthy/5xug3ms2.suy.jpg,1,0,train
5zjaqkgc.n4u.jpg,cds/Healthy/5zjaqkgc.n4u.jpg,1,0,train
5zmqpsia.jnl.jpg,cds/Healthy/5zmqpsia.jnl.jpg,1,0,train
a1mz3ooy.4fr.jpg,cds/Healthy/a1mz3ooy.4fr.jpg,1,0,train
a2nr4drd.w3s.jpg,cds/Healthy/a2nr4drd.w3s.jpg,1,0,train
a30jnkz4.mjo.jpg,cds/Healthy/a30jnkz4.mjo.jpg,1,0,val
a3a2wxnh.fyx.jpg,cds/Healthy/a3a2wxnh.fyx.jpg,1,0,train
a5itdbvj.eic.jpg,cds/Healthy/a5itdbvj.eic.jpg,1,0,train
a5p2xj5f.pmm.jpg,cds/Healthy/a5p2xj5f.pmm.jpg,1,0,val
absi2x3d.0fm.jpg,cds/Healthy/absi2x3d.0fm.jpg,1,0,train
ag4eeqnb.j1p.jpg,cds/Healthy/ag4eeqnb.j1p.jpg,1,0,train
aghlwlf2.bap.jpg,cds/Healthy/aghlwlf2.bap.jpg,1,0,train
ahvrfdj0.otc.jpg,cds/Healthy/ahvrfdj0.otc.jpg,1,0,train
ahy3snbc.zsz.jpg,cds/Healthy/ahy3snbc.zsz.jpg,1,0,train
aikacwyp.cza.jpg,cds/Healthy/aikacwyp.cza.jpg,1,0,train
ajk54awn.2oa.jpg,cds/Healthy/ajk54awn.2oa.jpg,1,0,train
akcutxhz.2nv.jpg,cds/Healthy/akcutxhz.2nv.jpg,1,0,val
ap1hsovj.hq3.jpg,cds/Healthy/ap1hsovj.hq3.jpg,1,0,train
aq1icny1.p5g.jpg,cds/Healthy/aq1icny1.p5g.jpg,1,0,train
aqraowlq.zbh.jpg,cds/Healthy/aqraowlq.zbh.jpg,1,0,train
armjznwo.h2n.jpg,cds/Healthy/armjznwo.h2n.jpg,1,0,train
as0ddlvq.j2k.jpg,cds/Healthy/as0ddlvq.j2k.jpg,1,0,train
atnb4czr.4ga.jpg,cds/Healthy/atnb4czr.4ga.jpg,1,0,train
atsnjgyy.k2w.jpg,cds/Healthy/atsnjgyy.k2w.jpg,1,0,train
au1vinra.eih.jpg,cds/Healthy/au1vinra.eih.jpg,1,0,train
aw4bpmb2.glb.jpg,cds/Healthy/aw4bpmb2.glb.jpg,1,0,train
axvfemex.uow.jpg,cds/Healthy/axvfemex.uow.jpg,1,0,train
b1jit02q.s0e.jpg,cds/Healthy/b1jit02q.s0e.jpg,1,0,train
b1qva1uy.jaa.jpg,cds/Healthy/b1qva1uy.jaa.jpg,1,0,train
b4kzc203.23y.jpg,cds/Healthy/b4kzc203.23y.jpg,1,0,train
balnq4f2.zy1.jpg,cds/Healthy/balnq4f2.zy1.jpg,1,0,train
bhd1m5m0.fle.jpg,cds/Healthy/bhd1m5m0.fle.jpg,1,0,train
bhmzkqth.xen.jpg,cds/Healthy/bhmzkqth.xen.jpg,1,0,train
blcot4wd.vof.jpg,cds/Healthy/blcot4wd.vof.jpg,1,0,train
bo2qslpw.zf0.jpg,cds/Healthy/bo2qslpw.zf0.jpg,1,0,train
boqxrndf.yd4.jpg,cds/Healthy/boqxrndf.yd4.jpg,1,0,train
bp3hhece.ilg.jpg,cds/Healthy/bp3hhece.ilg.jpg,1,0,train
bqc3z0g4.xyi.jpg,cds/Healthy/bqc3z0g4.xyi.jpg,1,0,train
bt0v3gxm.ws4.jpg,cds/Healthy/bt0v3gxm.ws4.jpg,1,0,train
btpup4gc.h3q.jpg,cds/Healthy/btpup4gc.h3q.jpg,1,0,train
buvszrxz.hnl.jpg,cds/Healthy/buvszrxz.hnl.jpg,1,0,train
bvlcusty.uj5.jpg,cds/Healthy/bvlcusty.uj5.jpg,1,0,test
bwsmng3t.dax.jpg,cds/Healthy/bwsmng3t.dax.jpg,1,0,train
bz5z2nuu.1ui.jpg,cds/Healthy/bz5z2nuu.1ui.jpg,1,0,train
bznictaf.u4x.jpg,cds/Healthy/bznictaf.u4x.jpg,1,0,train
bzr4cmqf.n2l.jpg,cds/Healthy/bzr4cmqf.n2l.jpg,1,0,test
c03whigo.m2h.jpg,cds/Healthy/c03whigo.m2h.jpg,1,0,train
c4bwxgor.mwk.jpg,cds/Healthy/c4bwxgor.mwk.jpg,1,0,train
c4cu5gxf.b2w.jpg,cds/Healthy/c4cu5gxf.b2w.jpg,1,0,train
cagljvc0.qmz.jpg,cds/Healthy/cagljvc0.qmz.jpg,1,0,test
cbl5txx0.rhx.jpg,cds/Healthy/cbl5txx0.rhx.jpg,1,0,val
ccovqam3.y03.jpg,cds/Healthy/ccovqam3.y03.jpg,1,0,train
cdgc4ese.g53.jpg,cds/Healthy/cdgc4ese.g53.jpg,1,0,val
cdmeqom2.45h.jpg,cds/Healthy/cdmeqom2.45h.jpg,1,0,train
cdx2s1qf.0sz.jpg,cds/Healthy/cdx2s1qf.0sz.jpg,1,0,train
cfjdrbwj.hcd.jpg,cds/Healthy/cfjdrbwj.hcd.jpg,1,0,train
chwqtml0.lze.jpg,cds/Healthy/chwqtml0.lze.jpg,1,0,train
cmk1q2vh.1fn.jpg,cds/Healthy/cmk1q2vh.1fn.jpg,1,0,train
cmutfkkd.vqb.jpg,cds/Healthy/cmutfkkd.vqb.jpg,1,0,train
cqlfp12w.tqw.jpg,cds/Healthy/cqlfp12w.tqw.jpg,1,0,train
cr00dpmf.a05.jpg,cds/Healthy/cr00dpmf.a05.jpg,1,0,train
csjgjv4x.il2.jpg,cds/Healthy/csjgjv4x.il2.jpg,1,0,train
ctfpx0o1.hvl.jpg,cds/Healthy/ctfpx0o1.hvl.jpg,1,0,train
ctmz5cq3.gox.jpg,cds/Healthy/ctmz5cq3.gox.jpg,1,0,test
cufwoskd.xlt.jpg,cds/Healthy/cufwoskd.xlt.jpg,1,0,test
cuqvxibl.bjn.jpg,cds/Healthy/cuqvxibl.bjn.jpg,1,0,val
cusespxw.vvn.jpg,cds/Healthy/cusespxw.vvn.jpg,1,0,train
cvtn1jej.kx0.jpg,cds/Healthy/cvtn1jej.kx0.jpg,1,0,train
cxzmg1xl.qj2.jpg,cds/Healthy/cxzmg1xl.qj2.jpg,1,0,val
cz5gdsoa.v4x.jpg,cds/Healthy/cz5gdsoa.v4x.jpg,1,0,train
d3kiwwdm.i3g.jpg,cds/Healthy/d3kiwwdm.i3g.jpg,1,0,train
d4bhc1wp.kbz.jpg,cds/Healthy/d4bhc1wp.kbz.jpg,1,0,train
d5xmiowz.j14.jpg,cds/Healthy/d5xmiowz.j14.jpg,1,0,train
dbyftok1.q0p.jpg,cds/Healthy/dbyftok1.q0p.jpg,1,0,train
dcmqbgse.h2d.jpg,cds/Healthy/dcmqbgse.h2d.jpg,1,0,test
dcwf4rxy.hx2.jpg,cds/Healthy/dcwf4rxy.hx2.jpg,1,0,train
denbkti3.o1s.jpg,cds/Healthy/denbkti3.o1s.jpg,1,0,train
detpumqu.fqs.jpg,cds/Healthy/detpumqu.fqs.jpg,1,0,train
dfiubgac.czl.jpg,cds/Healthy/dfiubgac.czl.jpg,1,0,train
dgithbtg.hda.jpg,cds/Healthy/dgithbtg.hda.jpg,1,0,train
dio4ub15.dtc.jpg,cds/Healthy/dio4ub15.dtc.jpg,1,0,train
disiwgrv.wg4.jpg,cds/Healthy/disiwgrv.wg4.jpg,1,0,train
djeytgrr.1h4.jpg,cds/Healthy/djeytgrr.1h4.jpg,1,0,train
dm2putt0.rol.jpg,cds/Healthy/dm2putt0.rol.jpg,1,0,train
dmdxkned.p2j.jpg,cds/Healthy/dmdxkned.p2j.jpg,1,0,train
dmhbeaox.xml.jpg,cds/Healthy/dmhbeaox.xml.jpg,1,0,val
dnse5t5b.5gj.jpg,cds/Healthy/dnse5t5b.5gj.jpg,1,0,train
dqinty2f.h1m.jpg,cds/Healthy/dqinty2f.h1m.jpg,1,0,train
dqitngtc.vws.jpg,cds/Healthy/dqitngtc.vws.jpg,1,0,train
dtrg2g3g.xro.jpg,cds/Healthy/dtrg2g3g.xro.jpg,1,0,train
dwzvsz0q.a4e.jpg,cds/Healthy/dwzvsz0q.a4e.jpg,1,0,train
dz15yw2b.tfj.jpg,cds/Healthy/dz15yw2b.tfj.jpg,1,0,train
dz4v3s4t.caw.jpg,cds/Healthy/dz4v3s4t.caw.jpg,1,0,train
e01wpe25.afk.jpg,cds/Healthy/e01wpe25.afk.jpg,1,0,train
e3qg3ofw.0uz.jpg,cds/Healthy/e3qg3ofw.0uz.jpg,1,0,val
e3sq0xio.q5w.jpg,cds/Healthy/e3sq0xio.q5w.jpg,1,0,train
e5pbl5ru.lif.jpg,cds/Healthy/e5pbl5ru.lif.jpg,1,0,train
ea1rdnuy.1w1.jpg,cds/Healthy/ea1rdnuy.1w1.jpg,1,0,train
ebda50yn.gmx.jpg,cds/Healthy/ebda50yn.gmx.jpg,1,0,train
ecsg0stm.qk2.jpg,cds/Healthy/ecsg0stm.qk2.jpg,1,0,train
eduwmd0s.1sq.jpg,cds/Healthy/eduwmd0s.1sq.jpg,1,0,val
edxrpxax.dmv.jpg,cds/Healthy/edxrpxax.dmv.jpg,1,0,train
egq05w0c.5to.jpg,cds/Healthy/egq05w0c.5to.jpg,1,0,train
eh1xktpc.cc2.jpg,cds/Healthy/eh1xktpc.cc2.jpg,1,0,train
ehj0f4r2.fiu.jpg,cds/Healthy/ehj0f4r2.fiu.jpg,1,0,train
ein5baee.ous.jpg,cds/Healthy/ein5baee.ous.jpg,1,0,train
el5dhths.i24.jpg,cds/Healthy/el5dhths.i24.jpg,1,0,train
elxaecsk.ujq.jpg,cds/Healthy/elxaecsk.ujq.jpg,1,0,train
eoazhpzn.wmw.jpg,cds/Healthy/eoazhpzn.wmw.jpg,1,0,train
eodpglqa.2pc.jpg,cds/Healthy/eodpglqa.2pc.jpg,1,0,train
ev1smlbe.fgt.jpg,cds/Healthy/ev1smlbe.fgt.jpg,1,0,train
ew5wrkgc.n0n.jpg,cds/Healthy/ew5wrkgc.n0n.jpg,1,0,train
eyfg4cr3.xxt.jpg,cds/Healthy/eyfg4cr3.xxt.jpg,1,0,train
eyiyurla.hzn.jpg,cds/Healthy/eyiyurla.hzn.jpg,1,0,train
ezju23o2.3yr.jpg,cds/Healthy/ezju23o2.3yr.jpg,1,0,train
f2g4mqrq.k5y.jpg,cds/Healthy/f2g4mqrq.k5y.jpg,1,0,train
f3ywvfmj.n5f.jpg,cds/Healthy/f3ywvfmj.n5f.jpg,1,0,train
f4kgat1c.5we.jpg,cds/Healthy/f4kgat1c.5we.jpg,1,0,train
fb0pvf3n.nf1.jpg,cds/Healthy/fb0pvf3n.nf1.jpg,1,0,train
fdlpvmkw.z1z.jpg,cds/Healthy/fdlpvmkw.z1z.jpg,1,0,train
fegastaq.5rk.jpg,cds/Healthy/fegastaq.5rk.jpg,1,0,train
ffxd3htb.kx4.jpg,cds/Healthy/ffxd3htb.kx4.jpg,1,0,train
ffzuhgoq.pb4.jpg,cds/Healthy/ffzuhgoq.pb4.jpg,1,0,test
fgqryavi.23t.jpg,cds/Healthy/fgqryavi.23t.jpg,1,0,train
fhkcxhew.lyg.jpg,cds/Healthy/fhkcxhew.lyg.jpg,1,0,train
fhyos3lv.3kq.jpg,cds/Healthy/fhyos3lv.3kq.jpg,1,0,train
fiesblyq.nxf.jpg,cds/Healthy/fiesblyq.nxf.jpg,1,0,train
fjs21nfv.fr0.jpg,cds/Healthy/fjs21nfv.fr0.jpg,1,0,train
fkmrfwev.qnt.jpg,cds/Healthy/fkmrfwev.qnt.jpg,1,0,test
fojupiyi.aoo.jpg,cds/Healthy/fojupiyi.aoo.jpg,1,0,train
fpzgfa12.xs3.jpg,cds/Healthy/fpzgfa12.xs3.jpg,1,0,train
fqz42sek.eqh.jpg,cds/Healthy/fqz42sek.eqh.jpg,1,0,train
fqz5qawh.gdx.jpg,cds/Healthy/fqz5qawh.gdx.jpg,1,0,train
frg4yssu.zoz.jpg,cds/Healthy/frg4yssu.zoz.jpg,1,0,train
frqllkxw.zuj.jpg,cds/Healthy/frqllkxw.zuj.jpg,1,0,test
frsr0x4u.zb1.jpg,cds/Healthy/frsr0x4u.zb1.jpg,1,0,train
ftxln1ox.pn2.jpg,cds/Healthy/ftxln1ox.pn2.jpg,1,0,test
fv21ac01.ynz.jpg,cds/Healthy/fv21ac01.ynz.jpg,1,0,train
g350h4zc.xok.jpg,cds/Healthy/g350h4zc.xok.jpg,1,0,train
g5neftd5.wzh.jpg,cds/Healthy/g5neftd5.wzh.jpg,1,0,train
gbwpkr52.i0u.jpg,cds/Healthy/gbwpkr52.i0u.jpg,1,0,train
gd42241j.pws.jpg,cds/Healthy/gd42241j.pws.jpg,1,0,train
ggm3b0sv.rxs.jpg,cds/Healthy/ggm3b0sv.rxs.jpg,1,0,train
ghnqlsnv.nuv.jpg,cds/Healthy/ghnqlsnv.nuv.jpg,1,0,train
glf30tqq.uz4.jpg,cds/Healthy/glf30tqq.uz4.jpg,1,0,test
gp30l2n2.32y.jpg,cds/Healthy/gp30l2n2.32y.jpg,1,0,train
grn5cdly.akx.jpg,cds/Healthy/grn5cdly.akx.jpg,1,0,train
gs2xspnu.zgf.jpg,cds/Healthy/gs2xspnu.zgf.jpg,1,0,train
gtbxtjvu.yhg.jpg,cds/Healthy/gtbxtjvu.yhg.jpg,1,0,train
gy1cight.fvh.jpg,cds/Healthy/gy1cight.fvh.jpg,1,0,train
h15b1vyw.rti.jpg,cds/Healthy/h15b1vyw.rti.jpg,1,0,train
h2ifaf1v.dim.jpg,cds/Healthy/h2ifaf1v.dim.jpg,1,0,val
h2xn2cam.xke.jpg,cds/Healthy/h2xn2cam.xke.jpg,1,0,train
h3ekonm1.0yf.jpg,cds/Healthy/h3ekonm1.0yf.jpg,1,0,train
h4nkaumb.se1.jpg,cds/Healthy/h4nkaumb.se1.jpg,1,0,val
h4tnxi1t.gft.jpg,cds/Healthy/h4tnxi1t.gft.jpg,1,0,train
h5rqsubw.urv.jpg,cds/Healthy/h5rqsubw.urv.jpg,1,0,train
hae33x0d.3or.jpg,cds/Healthy/hae33x0d.3or.jpg,1,0,train
hbgfp5z3.ofv.jpg,cds/Healthy/hbgfp5z3.ofv.jpg,1,0,train
hg0zbg0w.zpb.jpg,cds/Healthy/hg0zbg0w.zpb.jpg,1,0,train
hj4vfxkz.bff.jpg,cds/Healthy/hj4vfxkz.bff.jpg,1,0,train
hkskj5of.3dq.jpg,cds/Healthy/hkskj5of.3dq.jpg,1,0,test
hlauhy0p.qsd.jpg,cds/Healthy/hlauhy0p.qsd.jpg,1,0,train
hmgbgspi.ob2.jpg,cds/Healthy/hmgbgspi.ob2.jpg,1,0,train
homxxzt1.fj1.jpg,cds/Healthy/homxxzt1.fj1.jpg,1,0,train
hp1jepth.epr.jpg,cds/Healthy/hp1jepth.epr.jpg,1,0,train
hqtrtdwq.vj2.jpg,cds/Healthy/hqtrtdwq.vj2.jpg,1,0,train
hubysfm4.xej.jpg,cds/Healthy/hubysfm4.xej.jpg,1,0,train
hwalj4yo.nks.jpg,cds/Healthy/hwalj4yo.nks.jpg,1,0,train
hwjtttyw.ng2.jpg,cds/Healthy/hwjtttyw.ng2.jpg,1,0,train
hygsv2hw.cfk.jpg,cds/Healthy/hygsv2hw.cfk.jpg,1,0,train
i0qh4ypd.hp0.jpg,cds/Healthy/i0qh4ypd.hp0.jpg,1,0,train
i1ffc2mf.tym.jpg,cds/Healthy/i1ffc2mf.tym.jpg,1,0,train
i1ovtpsi.12h.jpg,cds/Healthy/i1ovtpsi.12h.jpg,1,0,train
i1tku2km.mzh.jpg,cds/Healthy/i1tku2km.mzh.jpg,1,0,test
i2uo4ei2.lqz.jpg,cds/Healthy/i2uo4ei2.lqz.jpg,1,0,train
i5lnmms0.4ah.jpg,cds/Healthy/i5lnmms0.4ah.jpg,1,0,train
ia1clupr.lfx.jpg,cds/Healthy/ia1clupr.lfx.jpg,1,0,train
ibr0hudo.nnp.jpg,cds/Healthy/ibr0hudo.nnp.jpg,1,0,train
icb3ibuo.4rm.jpg,cds/Healthy/icb3ibuo.4rm.jpg,1,0,train
ifh04drv.gy3.jpg,cds/Healthy/ifh04drv.gy3.jpg,1,0,train
ii4vcyc5.4bd.jpg,cds/Healthy/ii4vcyc5.4bd.jpg,1,0,train
ilmtojxa.gy5.jpg,cds/Healthy/ilmtojxa.gy5.jpg,1,0,train
imgxqlui.otj.jpg,cds/Healthy/imgxqlui.otj.jpg,1,0,train
iohrpm0p.5s4.jpg,cds/Healthy/iohrpm0p.5s4.jpg,1,0,train
ioz4vgvy.ubm.jpg,cds/Healthy/ioz4vgvy.ubm.jpg,1,0,train
ipeb3x3k.bbi.jpg,cds/Healthy/ipeb3x3k.bbi.jpg,1,0,train
itkylh12.ilj.jpg,cds/Healthy/itkylh12.ilj.jpg,1,0,train
iuac4mpz.hbm.jpg,cds/Healthy/iuac4mpz.hbm.jpg,1,0,train
iuhinb3b.u0k.jpg,cds/Healthy/iuhinb3b.u0k.jpg,1,0,train
ivzjmx13.eor.jpg,cds/Healthy/ivzjmx13.eor.jpg,1,0,train
iwh2payc.qxa.jpg,cds/Healthy/iwh2payc.qxa.jpg,1,0,train
iy21z55z.4c3.jpg,cds/Healthy/iy21z55z.4c3.jpg,1,0,train
j1pzkkrk.nbb.jpg,cds/Healthy/j1pzkkrk.nbb.jpg,1,0,train
j40l5kcf.m5l.jpg,cds/Healthy/j40l5kcf.m5l.jpg,1,0,val
ja1z2t1x.hxw.jpg,cds/Healthy/ja1z2t1x.hxw.jpg,1,0,train
jamtr5ea.x3q.jpg,cds/Healthy/jamtr5ea.x3q.jpg,1,0,train
jau2hvgu.mpn.jpg,cds/Healthy/jau2hvgu.mpn.jpg,1,0,train
jfunsvhm.r21.jpg,cds/Healthy/jfunsvhm.r21.jpg,1,0,train
jfvt4ujn.2dk.jpg,cds/Healthy/jfvt4ujn.2dk.jpg,1,0,train
jg1dtnd2.5zr.jpg,cds/Healthy/jg1dtnd2.5zr.jpg,1,0,train
jielvkc2.yxf.jpg,cds/Healthy/jielvkc2.yxf.jpg,1,0,train
jl0h11h4.lgr.jpg,cds/Healthy/jl0h11h4.lgr.jpg,1,0,train
jllcvcq1.ybr.jpg,cds/Healthy/jllcvcq1.ybr.jpg,1,0,train
jop2rfvn.1s2.jpg,cds/Healthy/jop2rfvn.1s2.jpg,1,0,val
jqjltag0.euj.jpg,cds/Healthy/jqjltag0.euj.jpg,1,0,test
jrk0lrcc.yjr.jpg,cds/Healthy/jrk0lrcc.yjr.jpg,1,0,test
jrqcadhi.o0s.jpg,cds/Healthy/jrqcadhi.o0s.jpg,1,0,train
jsifoq1h.emq.jpg,cds/Healthy/jsifoq1h.emq.jpg,1,0,train
jt5gtcc2.ath.jpg,cds/Healthy/jt5gtcc2.ath.jpg,1,0,test
jve544qy.jyp.jpg,cds/Healthy/jve544qy.jyp.jpg,1,0,train
jvjjcupo.vcn.jpg,cds/Healthy/jvjjcupo.vcn.jpg,1,0,train
jvk3i3ra.frd.jpg,cds/Healthy/jvk3i3ra.frd.jpg,1,0,train
jxu0x1ki.ah0.jpg,cds/Healthy/jxu0x1ki.ah0.jpg,1,0,val
jy3jhoeg.tgx.jpg,cds/Healthy/jy3jhoeg.tgx.jpg,1,0,val
k22x2m50.b3o.jpg,cds/Healthy/k22x2m50.b3o.jpg,1,0,train
k2idfpmq.xmj.jpg,cds/Healthy/k2idfpmq.xmj.jpg,1,0,train
k5xc4dsy.2ud.jpg,cds/Healthy/k5xc4dsy.2ud.jpg,1,0,train
ka2a11bs.0dw.jpg,cds/Healthy/ka2a11bs.0dw.jpg,1,0,train
kabuehge.mty.jpg,cds/Healthy/kabuehge.mty.jpg,1,0,train
kawcnq1y.ats.jpg,cds/Healthy/kawcnq1y.ats.jpg,1,0,val
kkakxrbp.thc.jpg,cds/Healthy/kkakxrbp.thc.jpg,1,0,train
kkuccdnd.vm4.jpg,cds/Healthy/kkuccdnd.vm4.jpg,1,0,train
kl45c4b2.feu.jpg,cds/Healthy/kl45c4b2.feu.jpg,1,0,train
kmjsa23i.m5x.jpg,cds/Healthy/kmjsa23i.m5x.jpg,1,0,val
ko35djij.sxm.jpg,cds/Healthy/ko35djij.sxm.jpg,1,0,train
koc03wyr.ozs.jpg,cds/Healthy/koc03wyr.ozs.jpg,1,0,train
kohmviv3.vge.jpg,cds/Healthy/kohmviv3.vge.jpg,1,0,train
kokon01d.hud.jpg,cds/Healthy/kokon01d.hud.jpg,1,0,train
kovra1o4.yjh.jpg,cds/Healthy/kovra1o4.yjh.jpg,1,0,train
kqe1upeg.yik.jpg,cds/Healthy/kqe1upeg.yik.jpg,1,0,train
kyicizvl.hzd.jpg,cds/Healthy/kyicizvl.hzd.jpg,1,0,val
kzwoqf5q.5gq.jpg,cds/Healthy/kzwoqf5q.5gq.jpg,1,0,train
l1rcuz20.zfa.jpg,cds/Healthy/l1rcuz20.zfa.jpg,1,0,train
larlmi25.o1m.jpg,cds/Healthy/larlmi25.o1m.jpg,1,0,test
lbotdtk1.ohr.jpg,cds/Healthy/lbotdtk1.ohr.jpg,1,0,train
ldcxp0bz.15m.jpg,cds/Healthy/ldcxp0bz.15m.jpg,1,0,train
lhn2kkpm.bbj.jpg,cds/Healthy/lhn2kkpm.bbj.jpg,1,0,val
lik4djnq.srt.jpg,cds/Healthy/lik4djnq.srt.jpg,1,0,train
ljqk1y4q.nlw.jpg,cds/Healthy/ljqk1y4q.nlw.jpg,1,0,test
lkbqwi40.kt3.jpg,cds/Healthy/lkbqwi40.kt3.jpg,1,0,train
lq0i0my5.h5z.jpg,cds/Healthy/lq0i0my5.h5z.jpg,1,0,train
lrivete1.bvt.jpg,cds/Healthy/lrivete1.bvt.jpg,1,0,test
lsr0mni0.vgu.jpg,cds/Healthy/lsr0mni0.vgu.jpg,1,0,train
lsw1nhp0.khu.jpg,cds/Healthy/lsw1nhp0.khu.jpg,1,0,train
ltb4lncj.pdo.jpg,cds/Healthy/ltb4lncj.pdo.jpg,1,0,train
lyafzrja.lsc.jpg,cds/Healthy/lyafzrja.lsc.jpg,1,0,train
m0taeu3d.ouk.jpg,cds/Healthy/m0taeu3d.ouk.jpg,1,0,train
m13cluqy.zlq.jpg,cds/Healthy/m13cluqy.zlq.jpg,1,0,train
m1orwxob.ehx.jpg,cds/Healthy/m1orwxob.ehx.jpg,1,0,train
mbzifsrg.5le.jpg,cds/Healthy/mbzifsrg.5le.jpg,1,0,train
mc5bgvna.gtu.jpg,cds/Healthy/mc5bgvna.gtu.jpg,1,0,train
mdicbucm.sut.jpg,cds/Healthy/mdicbucm.sut.jpg,1,0,train
mhmfyxvq.eak.jpg,cds/Healthy/mhmfyxvq.eak.jpg,1,0,val
mhqap1w2.ems.jpg,cds/Healthy/mhqap1w2.ems.jpg,1,0,train
mixxezvg.hla.jpg,cds/Healthy/mixxezvg.hla.jpg,1,0,train
mlvrkv2f.fh2.jpg,cds/Healthy/mlvrkv2f.fh2.jpg,1,0,train
mncvodim.yyo.jpg,cds/Healthy/mncvodim.yyo.jpg,1,0,val
mnt3tpzw.5z5.jpg,cds/Healthy/mnt3tpzw.5z5.jpg,1,0,train
mo0nfgea.1gq.jpg,cds/Healthy/mo0nfgea.1gq.jpg,1,0,train
mo3jzqkl.duu.jpg,cds/Healthy/mo3jzqkl.duu.jpg,1,0,train
mo5dz1fl.eex.jpg,cds/Healthy/mo5dz1fl.eex.jpg,1,0,train
mqno5vej.svz.jpg,cds/Healthy/mqno5vej.svz.jpg,1,0,train
mtjd1f0r.wa2.jpg,cds/Healthy/mtjd1f0r.wa2.jpg,1,0,train
mxhkyrxw.qeb.jpg,cds/Healthy/mxhkyrxw.qeb.jpg,1,0,train
mxximqqw.2vv.jpg,cds/Healthy/mxximqqw.2vv.jpg,1,0,test
myixftjb.s0p.jpg,cds/Healthy/myixftjb.s0p.jpg,1,0,train
mzzebyxs.dke.jpg,cds/Healthy/mzzebyxs.dke.jpg,1,0,test
n0jvo4az.jbn.jpg,cds/Healthy/n0jvo4az.jbn.jpg,1,0,train
n2c3qbmq.khq.jpg,cds/Healthy/n2c3qbmq.khq.jpg,1,0,train
n2ptvnol.mv0.jpg,cds/Healthy/n2ptvnol.mv0.jpg,1,0,train
nbryo5ij.ovr.jpg,cds/Healthy/nbryo5ij.ovr.jpg,1,0,train
nca2sbrl.12e.jpg,cds/Healthy/nca2sbrl.12e.jpg,1,0,train
ncax0ezf.tbg.jpg,cds/Healthy/ncax0ezf.tbg.jpg,1,0,train
ndninbau.q4e.jpg,cds/Healthy/ndninbau.q4e.jpg,1,0,train
neqhil5f.4xx.jpg,cds/Healthy/neqhil5f.4xx.jpg,1,0,train
nff1txch.ji3.jpg,cds/Healthy/nff1txch.ji3.jpg,1,0,train
ngcdlr1i.azr.jpg,cds/Healthy/ngcdlr1i.azr.jpg,1,0,train
nlqjnym5.1e4.jpg,cds/Healthy/nlqjnym5.1e4.jpg,1,0,train
npowvcnf.cch.jpg,cds/Healthy/npowvcnf.cch.jpg,1,0,train
npr3ivck.0pi.jpg,cds/Healthy/npr3ivck.0pi.jpg,1,0,train
nwbczeaa.oza.jpg,cds/Healthy/nwbczeaa.oza.jpg,1,0,train
nxgtlwxs.yym.jpg,cds/Healthy/nxgtlwxs.yym.jpg,1,0,train
ny14cgeo.2h2.jpg,cds/Healthy/ny14cgeo.2h2.jpg,1,0,train
o1k54zfl.h0r.jpg,cds/Healthy/o1k54zfl.h0r.jpg,1,0,val
o1u4fmza.fmf.jpg,cds/Healthy/o1u4fmza.fmf.jpg,1,0,train
o3zneufb.i2t.jpg,cds/Healthy/o3zneufb.i2t.jpg,1,0,train
o5nsoiz2.12p.jpg,cds/Healthy/o5nsoiz2.12p.jpg,1,0,train
o5rsus15.3ty.jpg,cds/Healthy/o5rsus15.3ty.jpg,1,0,train
oc3d5tzq.5kt.jpg,cds/Healthy/oc3d5tzq.5kt.jpg,1,0,train
og2gkagn.v0g.jpg,cds/Healthy/og2gkagn.v0g.jpg,1,0,train
ojbtypr2.0jm.jpg,cds/Healthy/ojbtypr2.0jm.jpg,1,0,train
ojbv4rhr.p22.jpg,cds/Healthy/ojbv4rhr.p22.jpg,1,0,test
ok0fjm0s.j4s.jpg,cds/Healthy/ok0fjm0s.j4s.jpg,1,0,val
okytjz5z.sht.jpg,cds/Healthy/okytjz5z.sht.jpg,1,0,train
ombcst4j.2xq.jpg,cds/Healthy/ombcst4j.2xq.jpg,1,0,train
oo1ud2fx.pfw.jpg,cds/Healthy/oo1ud2fx.pfw.jpg,1,0,train
oqfj53uo.eyb.jpg,cds/Healthy/oqfj53uo.eyb.jpg,1,0,train
osvxmgbu.313.jpg,cds/Healthy/osvxmgbu.313.jpg,1,0,train
otkpur54.ivf.jpg,cds/Healthy/otkpur54.ivf.jpg,1,0,train
ouzmzob4.hcf.jpg,cds/Healthy/ouzmzob4.hcf.jpg,1,0,train
oxoqyxd2.yyv.jpg,cds/Healthy/oxoqyxd2.yyv.jpg,1,0,train
oy2lgfkm.cs1.jpg,cds/Healthy/oy2lgfkm.cs1.jpg,1,0,train
ozaelbl2.jw2.jpg,cds/Healthy/ozaelbl2.jw2.jpg,1,0,train
ozunxddx.2hz.jpg,cds/Healthy/ozunxddx.2hz.jpg,1,0,train
p4brmdxe.y2s.jpg,cds/Healthy/p4brmdxe.y2s.jpg,1,0,train
p4o3ayjb.po2.jpg,cds/Healthy/p4o3ayjb.po2.jpg,1,0,train
p5zqu2uv.fz4.jpg,cds/Healthy/p5zqu2uv.fz4.jpg,1,0,val
pa53bqi3.djg.jpg,cds/Healthy/pa53bqi3.djg.jpg,1,0,train
paw03pm4.fby.jpg,cds/Healthy/paw03pm4.fby.jpg,1,0,train
pirqra05.t5t.jpg,cds/Healthy/pirqra05.t5t.jpg,1,0,test
pivjvo4d.5st.jpg,cds/Healthy/pivjvo4d.5st.jpg,1,0,train
pj53oeya.jjx.jpg,cds/Healthy/pj53oeya.jjx.jpg,1,0,train
pl3djnao.otw.jpg,cds/Healthy/pl3djnao.otw.jpg,1,0,train
pncvwe4f.ezy.jpg,cds/Healthy/pncvwe4f.ezy.jpg,1,0,train
pnibr0mw.kpg.jpg,cds/Healthy/pnibr0mw.kpg.jpg,1,0,train
ppn0rx4i.ne5.jpg,cds/Healthy/ppn0rx4i.ne5.jpg,1,0,train
pqxwykj3.dgj.jpg,cds/Healthy/pqxwykj3.dgj.jpg,1,0,train
puz3xgpc.cbg.jpg,cds/Healthy/puz3xgpc.cbg.jpg,1,0,train
q2kcnnz0.cns.jpg,cds/Healthy/q2kcnnz0.cns.jpg,1,0,train
q2r1mo4c.kox.jpg,cds/Healthy/q2r1mo4c.kox.jpg,1,0,train
q2svpnhr.fob.jpg,cds/Healthy/q2svpnhr.fob.jpg,1,0,train
q34xhnjz.43c.jpg,cds/Healthy/q34xhnjz.43c.jpg,1,0,train
q5mqh0ij.rst.jpg,cds/Healthy/q5mqh0ij.rst.jpg,1,0,val
q5syahix.b3b.jpg,cds/Healthy/q5syahix.b3b.jpg,1,0,train
qbj4al2q.on2.jpg,cds/Healthy/qbj4al2q.on2.jpg,1,0,train
qc0iyozs.xxb.jpg,cds/Healthy/qc0iyozs.xxb.jpg,1,0,test
qc3bacci.kaf.jpg,cds/Healthy/qc3bacci.kaf.jpg,1,0,train
qfiz3ooa.wfd.jpg,cds/Healthy/qfiz3ooa.wfd.jpg,1,0,train
qfsteojs.fhu.jpg,cds/Healthy/qfsteojs.fhu.jpg,1,0,train
qfzl4slc.biz.jpg,cds/Healthy/qfzl4slc.biz.jpg,1,0,train
qh4hgrhf.bbl.jpg,cds/Healthy/qh4hgrhf.bbl.jpg,1,0,train
qhar3zug.3mw.jpg,cds/Healthy/qhar3zug.3mw.jpg,1,0,train
qhgra1fe.xp2.jpg,cds/Healthy/qhgra1fe.xp2.jpg,1,0,train
qht3hlly.tgg.jpg,cds/Healthy/qht3hlly.tgg.jpg,1,0,val
qizqer4z.nro.jpg,cds/Healthy/qizqer4z.nro.jpg,1,0,train
qj2lus5o.ejp.jpg,cds/Healthy/qj2lus5o.ejp.jpg,1,0,train
qmv3iro3.cos.jpg,cds/Healthy/qmv3iro3.cos.jpg,1,0,test
qmy3qr5z.jhe.jpg,cds/Healthy/qmy3qr5z.jhe.jpg,1,0,train
qn12o0ly.o3r.jpg,cds/Healthy/qn12o0ly.o3r.jpg,1,0,train
qr1yj1ry.q4z.jpg,cds/Healthy/qr1yj1ry.q4z.jpg,1,0,train
qsqxsbeh.zts.jpg,cds/Healthy/qsqxsbeh.zts.jpg,1,0,train
qteppw32.3yz.jpg,cds/Healthy/qteppw32.3yz.jpg,1,0,train
qttsawuz.mir.jpg,cds/Healthy/qttsawuz.mir.jpg,1,0,train
qtzv5qox.0tn.jpg,cds/Healthy/qtzv5qox.0tn.jpg,1,0,train
quaj5f55.q0k.jpg,cds/Healthy/quaj5f55.q0k.jpg,1,0,train
qw21x41t.gng.jpg,cds/Healthy/qw21x41t.gng.jpg,1,0,train
qxygezfq.4pm.jpg,cds/Healthy/qxygezfq.4pm.jpg,1,0,train
qydvku4m.ofa.jpg,cds/Healthy/qydvku4m.ofa.jpg,1,0,train
qypd1faa.omk.jpg,cds/Healthy/qypd1faa.omk.jpg,1,0,train
qzkaspie.mu4.jpg,cds/Healthy/qzkaspie.mu4.jpg,1,0,test
qzli522i.urq.jpg,cds/Healthy/qzli522i.urq.jpg,1,0,train
r01dz1bg.pkk.jpg,cds/Healthy/r01dz1bg.pkk.jpg,1,0,train
r0yosrxa.5ss.jpg,cds/Healthy/r0yosrxa.5ss.jpg,1,0,train
r1we0jqv.cr1.jpg,cds/Healthy/r1we0jqv.cr1.jpg,1,0,train
r3c1txmg.imv.jpg,cds/Healthy/r3c1txmg.imv.jpg,1,0,train
r5oprdgl.zvd.jpg,cds/Healthy/r5oprdgl.zvd.jpg,1,0,train
r5vxhlph.ejc.jpg,cds/Healthy/r5vxhlph.ejc.jpg,1,0,train
rgyv15vk.pe2.jpg,cds/Healthy/rgyv15vk.pe2.jpg,1,0,train
rjt15vk0.3qm.jpg,cds/Healthy/rjt15vk0.3qm.jpg,1,0,train
rkmyt4k4.yje.jpg,cds/Healthy/rkmyt4k4.yje.jpg,1,0,train
rlf2ug25.l1k.jpg,cds/Healthy/rlf2ug25.l1k.jpg,1,0,train
rlufwj4u.1im.jpg,cds/Healthy/rlufwj4u.1im.jpg,1,0,train
rocsokao.e11.jpg,cds/Healthy/rocsokao.e11.jpg,1,0,train
roxfvtmg.5d1.jpg,cds/Healthy/roxfvtmg.5d1.jpg,1,0,train
rpgb3tau.x0e.jpg,cds/Healthy/rpgb3tau.x0e.jpg,1,0,train
rrgocbnb.5wn.jpg,cds/Healthy/rrgocbnb.5wn.jpg,1,0,test
rt5nt0ed.t1w.jpg,cds/Healthy/rt5nt0ed.t1w.jpg,1,0,train
rtw1kxhu.ngc.jpg,cds/Healthy/rtw1kxhu.ngc.jpg,1,0,train
rvzoqn4u.hxp.jpg,cds/Healthy/rvzoqn4u.hxp.jpg,1,0,train
rxml435f.dcq.jpg,cds/Healthy/rxml435f.dcq.jpg,1,0,train
rygrmgjz.v15.jpg,cds/Healthy/rygrmgjz.v15.jpg,1,0,train
rynrcpdf.of1.jpg,cds/Healthy/rynrcpdf.of1.jpg,1,0,train
rzhhwmqp.0bk.jpg,cds/Healthy/rzhhwmqp.0bk.jpg,1,0,train
s03u5gyv.jsp.jpg,cds/Healthy/s03u5gyv.jsp.jpg,1,0,train
s1e0abrt.l5n.jpg,cds/Healthy/s1e0abrt.l5n.jpg,1,0,train
s5yxrew5.ksl.jpg,cds/Healthy/s5yxrew5.ksl.jpg,1,0,test
saamtw2e.lnr.jpg,cds/Healthy/saamtw2e.lnr.jpg,1,0,train
sdpiyhkp.bp1.jpg,cds/Healthy/sdpiyhkp.bp1.jpg,1,0,train
se2xeokf.qfk.jpg,cds/Healthy/se2xeokf.qfk.jpg,1,0,train
sewwj5k1.eyl.jpg,cds/Healthy/sewwj5k1.eyl.jpg,1,0,train
shiy2den.s1k.jpg,cds/Healthy/shiy2den.s1k.jpg,1,0,train
shlufdt4.qdx.jpg,cds/Healthy/shlufdt4.qdx.jpg,1,0,train
skgtnwxx.0h0.jpg,cds/Healthy/skgtnwxx.0h0.jpg,1,0,train
skteybj0.brx.jpg,cds/Healthy/skteybj0.brx.jpg,1,0,train
sl43r02d.m25.jpg,cds/Healthy/sl43r02d.m25.jpg,1,0,train
smeufaxl.bat.jpg,cds/Healthy/smeufaxl.bat.jpg,1,0,train
snl3jzei.giy.jpg,cds/Healthy/snl3jzei.giy.jpg,1,0,train
so1flgpb.wbw.jpg,cds/Healthy/so1flgpb.wbw.jpg,1,0,train
sofsfm5n.zaj.jpg,cds/Healthy/sofsfm5n.zaj.jpg,1,0,train
sp2pjgaj.fgz.jpg,cds/Healthy/sp2pjgaj.fgz.jpg,1,0,train
srat3bbb.ycq.jpg,cds/Healthy/srat3bbb.ycq.jpg,1,0,train
srk2xoot.eiy.jpg,cds/Healthy/srk2xoot.eiy.jpg,1,0,val
sry23q3t.paq.jpg,cds/Healthy/sry23q3t.paq.jpg,1,0,train
szf3zawa.qf1.jpg,cds/Healthy/szf3zawa.qf1.jpg,1,0,train
tadxptwk.33r.jpg,cds/Healthy/tadxptwk.33r.jpg,1,0,train
tbsthwmr.ik3.jpg,cds/Healthy/tbsthwmr.ik3.jpg,1,0,train
tbtaazgc.afe.jpg,cds/Healthy/tbtaazgc.afe.jpg,1,0,train
tdqxemjx.5f0.jpg,cds/Healthy/tdqxemjx.5f0.jpg,1,0,train
tffgc0mo.qb4.jpg,cds/Healthy/tffgc0mo.qb4.jpg,1,0,train
tfrhs1xw.cre.jpg,cds/Healthy/tfrhs1xw.cre.jpg,1,0,train
tgaf50qm.cud.jpg,cds/Healthy/tgaf50qm.cud.jpg,1,0,train
thqzj0xi.fio.jpg,cds/Healthy/thqzj0xi.fio.jpg,1,0,train
tixaukqq.zgp.jpg,cds/Healthy/tixaukqq.zgp.jpg,1,0,train
tj3im5sd.5bd.jpg,cds/Healthy/tj3im5sd.5bd.jpg,1,0,train
tlrq1flf.mvo.jpg,cds/Healthy/tlrq1flf.mvo.jpg,1,0,train
tm2bdvhy.vwm.jpg,cds/Healthy/tm2bdvhy.vwm.jpg,1,0,val
tp1ii3kc.lia.jpg,cds/Healthy/tp1ii3kc.lia.jpg,1,0,train
tpgwu1om.y45.jpg,cds/Healthy/tpgwu1om.y45.jpg,1,0,train
tpj0aqum.n2b.jpg,cds/Healthy/tpj0aqum.n2b.jpg,1,0,train
tsgijxih.5ym.jpg,cds/Healthy/tsgijxih.5ym.jpg,1,0,train
ttpj02l4.z0v.jpg,cds/Healthy/ttpj02l4.z0v.jpg,1,0,train
tu43upt0.h4t.jpg,cds/Healthy/tu43upt0.h4t.jpg,1,0,train
tuf5zzkg.bnk.jpg,cds/Healthy/tuf5zzkg.bnk.jpg,1,0,train
tvexfjmj.0ms.jpg,cds/Healthy/tvexfjmj.0ms.jpg,1,0,train
twybp01v.wv4.jpg,cds/Healthy/twybp01v.wv4.jpg,1,0,train
txv4xaon.dcl.jpg,cds/Healthy/txv4xaon.dcl.jpg,1,0,train
ty4xrfqb.0ay.jpg,cds/Healthy/ty4xrfqb.0ay.jpg,1,0,train
u0dg5ha2.j0v.jpg,cds/Healthy/u0dg5ha2.j0v.jpg,1,0,test
u0jvr24a.m1i.jpg,cds/Healthy/u0jvr24a.m1i.jpg,1,0,train
u1vcgizh.m0c.jpg,cds/Healthy/u1vcgizh.m0c.jpg,1,0,train
u24rigx2.r1z.jpg,cds/Healthy/u24rigx2.r1z.jpg,1,0,train
u43xqz3b.wyp.jpg,cds/Healthy/u43xqz3b.wyp.jpg,1,0,test
ubyv3f5u.anh.jpg,cds/Healthy/ubyv3f5u.anh.jpg,1,0,train
ucx4p5nj.hmf.jpg,cds/Healthy/ucx4p5nj.hmf.jpg,1,0,train
ud3v52i1.hlg.jpg,cds/Healthy/ud3v52i1.hlg.jpg,1,0,train
ue2vboqz.aab.jpg,cds/Healthy/ue2vboqz.aab.jpg,1,0,val
ufteutre.n1g.jpg,cds/Healthy/ufteutre.n1g.jpg,1,0,train
ugj0rayy.bqt.jpg,cds/Healthy/ugj0rayy.bqt.jpg,1,0,val
ujffglqx.zw5.jpg,cds/Healthy/ujffglqx.zw5.jpg,1,0,train
ujuawvlt.y42.jpg,cds/Healthy/ujuawvlt.y42.jpg,1,0,train
uk0qpbot.jra.jpg,cds/Healthy/uk0qpbot.jra.jpg,1,0,train
umclw5bg.24a.jpg,cds/Healthy/umclw5bg.24a.jpg,1,0,val
umnacy5s.ymq.jpg,cds/Healthy/umnacy5s.ymq.jpg,1,0,test
unu43tmd.itr.jpg,cds/Healthy/unu43tmd.itr.jpg,1,0,train
uqlsxfog.v2k.jpg,cds/Healthy/uqlsxfog.v2k.jpg,1,0,test
urczprot.23u.jpg,cds/Healthy/urczprot.23u.jpg,1,0,train
urhh4bfv.24k.jpg,cds/Healthy/urhh4bfv.24k.jpg,1,0,train
uvyfyq4f.tyn.jpg,cds/Healthy/uvyfyq4f.tyn.jpg,1,0,test
uwn1a2j2.bzt.jpg,cds/Healthy/uwn1a2j2.bzt.jpg,1,0,train
uwxoqgbx.es1.jpg,cds/Healthy/uwxoqgbx.es1.jpg,1,0,train
uxqk3bkt.pph.jpg,cds/Healthy/uxqk3bkt.pph.jpg,1,0,train
uyeghcez.wg1.jpg,cds/Healthy/uyeghcez.wg1.jpg,1,0,train
uyjhea5a.afa.jpg,cds/Healthy/uyjhea5a.afa.jpg,1,0,train
uymoxvwk.fa0.jpg,cds/Healthy/uymoxvwk.fa0.jpg,1,0,train
uyuzifst.n4l.jpg,cds/Healthy/uyuzifst.n4l.jpg,1,0,train
v321gb2f.uhp.jpg,cds/Healthy/v321gb2f.uhp.jpg,1,0,train
va1fine1.qhy.jpg,cds/Healthy/va1fine1.qhy.jpg,1,0,train
vajstapm.0nk.jpg,cds/Healthy/vajstapm.0nk.jpg,1,0,train
vcju5kf0.msp.jpg,cds/Healthy/vcju5kf0.msp.jpg,1,0,train
vcjuzazj.k4v.jpg,cds/Healthy/vcjuzazj.k4v.jpg,1,0,val
vepco43o.q5w.jpg,cds/Healthy/vepco43o.q5w.jpg,1,0,train
vfz242fj.1hq.jpg,cds/Healthy/vfz242fj.1hq.jpg,1,0,test
vgxyzzfu.v0p.jpg,cds/Healthy/vgxyzzfu.v0p.jpg,1,0,train
vhlqqkz1.y2w.jpg,cds/Healthy/vhlqqkz1.y2w.jpg,1,0,val
vjkazhig.hwa.jpg,cds/Healthy/vjkazhig.hwa.jpg,1,0,train
vjsx1q31.k31.jpg,cds/Healthy/vjsx1q31.k31.jpg,1,0,val
vkml5rrn.cfs.jpg,cds/Healthy/vkml5rrn.cfs.jpg,1,0,train
vnmrpo0s.yby.jpg,cds/Healthy/vnmrpo0s.yby.jpg,1,0,train
vnubzrgh.ofp.jpg,cds/Healthy/vnubzrgh.ofp.jpg,1,0,train
vok02lku.x31.jpg,cds/Healthy/vok02lku.x31.jpg,1,0,train
vqpcgyej.kqc.jpg,cds/Healthy/vqpcgyej.kqc.jpg,1,0,train
vsdyxemf.2ps.jpg,cds/Healthy/vsdyxemf.2ps.jpg,1,0,train
vwvwac3i.y0g.jpg,cds/Healthy/vwvwac3i.y0g.jpg,1,0,train
vx55mgfk.fih.jpg,cds/Healthy/vx55mgfk.fih.jpg,1,0,train
vxxq053j.xj0.jpg,cds/Healthy/vxxq053j.xj0.jpg,1,0,train
vy1hitwk.blt.jpg,cds/Healthy/vy1hitwk.blt.jpg,1,0,val
vy1ngxnb.vwb.jpg,cds/Healthy/vy1ngxnb.vwb.jpg,1,0,train
vy5cgveg.tfz.jpg,cds/Healthy/vy5cgveg.tfz.jpg,1,0,train
vzla3ag4.bng.jpg,cds/Healthy/vzla3ag4.bng.jpg,1,0,train
vzrteuph.oxi.jpg,cds/Healthy/vzrteuph.oxi.jpg,1,0,train
w053dvym.fgo.jpg,cds/Healthy/w053dvym.fgo.jpg,1,0,train
w0cucij3.cfy.jpg,cds/Healthy/w0cucij3.cfy.jpg,1,0,val
w1d4kuvh.0ge.jpg,cds/Healthy/w1d4kuvh.0ge.jpg,1,0,train
wbjxpdgo.vkg.jpg,cds/Healthy/wbjxpdgo.vkg.jpg,1,0,train
wbwz2lde.dil.jpg,cds/Healthy/wbwz2lde.dil.jpg,1,0,train
wcw4jb00.pdx.jpg,cds/Healthy/wcw4jb00.pdx.jpg,1,0,train
wf4ioheb.0kj.jpg,cds/Healthy/wf4ioheb.0kj.jpg,1,0,train
wgq04w4i.tcv.jpg,cds/Healthy/wgq04w4i.tcv.jpg,1,0,train
wliies5e.v0r.jpg,cds/Healthy/wliies5e.v0r.jpg,1,0,train
wm04cikm.vsk.jpg,cds/Healthy/wm04cikm.vsk.jpg,1,0,train
wp2jx4b5.inn.jpg,cds/Healthy/wp2jx4b5.inn.jpg,1,0,train
wqu2hsil.aeo.jpg,cds/Healthy/wqu2hsil.aeo.jpg,1,0,train
wrglyk0d.uii.jpg,cds/Healthy/wrglyk0d.uii.jpg,1,0,train
wrqmoznd.i34.jpg,cds/Healthy/wrqmoznd.i34.jpg,1,0,train
wswpie2a.5na.jpg,cds/Healthy/wswpie2a.5na.jpg,1,0,train
wsyh0me5.4rl.jpg,cds/Healthy/wsyh0me5.4rl.jpg,1,0,train
wuufgfvu.dqr.jpg,cds/Healthy/wuufgfvu.dqr.jpg,1,0,train
wwghs5by.ols.jpg,cds/Healthy/wwghs5by.ols.jpg,1,0,train
wykvpurq.eb4.jpg,cds/Healthy/wykvpurq.eb4.jpg,1,0,train
wys3b0go.1e5.jpg,cds/Healthy/wys3b0go.1e5.jpg,1,0,train
x3jnzila.sqm.jpg,cds/Healthy/x3jnzila.sqm.jpg,1,0,train
x3lfvua0.rst.jpg,cds/Healthy/x3lfvua0.rst.jpg,1,0,train
x4nuagiv.vrh.jpg,cds/Healthy/x4nuagiv.vrh.jpg,1,0,train
xajp4adz.v5r.jpg,cds/Healthy/xajp4adz.v5r.jpg,1,0,val
xbftiutn.m11.jpg,cds/Healthy/xbftiutn.m11.jpg,1,0,train
xdjf511g.ogw.jpg,cds/Healthy/xdjf511g.ogw.jpg,1,0,train
xh4s0fbg.ih0.jpg,cds/Healthy/xh4s0fbg.ih0.jpg,1,0,train
xl5s2r0r.awc.jpg,cds/Healthy/xl5s2r0r.awc.jpg,1,0,test
xlw3cnct.daf.jpg,cds/Healthy/xlw3cnct.daf.jpg,1,0,val
xmtojl14.lma.jpg,cds/Healthy/xmtojl14.lma.jpg,1,0,train
xnmgdjes.bkl.jpg,cds/Healthy/xnmgdjes.bkl.jpg,1,0,train
xo3thneq.bqv.jpg,cds/Healthy/xo3thneq.bqv.jpg,1,0,train
xpkmufpq.p3l.jpg,cds/Healthy/xpkmufpq.p3l.jpg,1,0,train
xq5jsvjr.53k.jpg,cds/Healthy/xq5jsvjr.53k.jpg,1,0,train
xr0ij2h5.bvy.jpg,cds/Healthy/xr0ij2h5.bvy.jpg,1,0,val
xrbgwldc.40c.jpg,cds/Healthy/xrbgwldc.40c.jpg,1,0,train
xrmjpbk0.ndn.jpg,cds/Healthy/xrmjpbk0.ndn.jpg,1,0,train
xu30z1e3.4me.jpg,cds/Healthy/xu30z1e3.4me.jpg,1,0,train
xujzgafy.km2.jpg,cds/Healthy/xujzgafy.km2.jpg,1,0,train
xwulbbte.rlr.jpg,cds/Healthy/xwulbbte.rlr.jpg,1,0,train
xxeyh3rv.ep2.jpg,cds/Healthy/xxeyh3rv.ep2.jpg,1,0,train
xxjbzuxl.z4y.jpg,cds/Healthy/xxjbzuxl.z4y.jpg,1,0,train
xydw04rj.abx.jpg,cds/Healthy/xydw04rj.abx.jpg,1,0,train
xyglrlfv.xba.jpg,cds/Healthy/xyglrlfv.xba.jpg,1,0,train
y0ef04iw.xh0.jpg,cds/Healthy/y0ef04iw.xh0.jpg,1,0,train
y0pgjkrq.tun.jpg,cds/Healthy/y0pgjkrq.tun.jpg,1,0,train
y1kqg5rj.aye.jpg,cds/Healthy/y1kqg5rj.aye.jpg,1,0,train
y20bbwau.kok.jpg,cds/Healthy/y20bbwau.kok.jpg,1,0,train
y223s44u.dxs.jpg,cds/Healthy/y223s44u.dxs.jpg,1,0,train
y3543kia.asx.jpg,cds/Healthy/y3543kia.asx.jpg,1,0,test
y3gtkcko.jbb.jpg,cds/Healthy/y3gtkcko.jbb.jpg,1,0,train
yanuazn1.fye.jpg,cds/Healthy/yanuazn1.fye.jpg,1,0,train
yat5hrtm.wtn.jpg,cds/Healthy/yat5hrtm.wtn.jpg,1,0,train
yb25rg4z.ba5.jpg,cds/Healthy/yb25rg4z.ba5.jpg,1,0,val
ybrdkhsa.e3p.jpg,cds/Healthy/ybrdkhsa.e3p.jpg,1,0,train
ycqksm5j.ilv.jpg,cds/Healthy/ycqksm5j.ilv.jpg,1,0,train
yefinxw5.1ie.jpg,cds/Healthy/yefinxw5.1ie.jpg,1,0,train
yergncii.xj0.jpg,cds/Healthy/yergncii.xj0.jpg,1,0,val
yixyeav2.hbk.jpg,cds/Healthy/yixyeav2.hbk.jpg,1,0,train
yl0mmn53.oy5.jpg,cds/Healthy/yl0mmn53.oy5.jpg,1,0,train
ynoiu3hf.2vu.jpg,cds/Healthy/ynoiu3hf.2vu.jpg,1,0,train
yp1a3dp1.qr0.jpg,cds/Healthy/yp1a3dp1.qr0.jpg,1,0,train
yprup3ig.vat.jpg,cds/Healthy/yprup3ig.vat.jpg,1,0,train
yqcfggrd.d5t.jpg,cds/Healthy/yqcfggrd.d5t.jpg,1,0,val
yrj3buux.42b.jpg,cds/Healthy/yrj3buux.42b.jpg,1,0,train
yt2i25me.kho.jpg,cds/Healthy/yt2i25me.kho.jpg,1,0,val
ywdk0ywx.v1r.jpg,cds/Healthy/ywdk0ywx.v1r.jpg,1,0,train
yxp30bej.ta2.jpg,cds/Healthy/yxp30bej.ta2.jpg,1,0,train
yzz2id1u.sac.jpg,cds/Healthy/yzz2id1u.sac.jpg,1,0,train
z0jxgidl.k5p.jpg,cds/Healthy/z0jxgidl.k5p.jpg,1,0,train
z0vmngl0.am2.jpg,cds/Healthy/z0vmngl0.am2.jpg,1,0,train
z2ydast2.mmx.jpg,cds/Healthy/z2ydast2.mmx.jpg,1,0,train
z42hwfcv.yp4.jpg,cds/Healthy/z42hwfcv.yp4.jpg,1,0,train
z5s2ubs4.wap.jpg,cds/Healthy/z5s2ubs4.wap.jpg,1,0,train
zbacdjpj.kwg.jpg,cds/Healthy/zbacdjpj.kwg.jpg,1,0,train
zdqaqxqw.nw2.jpg,cds/Healthy/zdqaqxqw.nw2.jpg,1,0,train
zf1r3yus.4m2.jpg,cds/Healthy/zf1r3yus.4m2.jpg,1,0,train
zf2ap5vq.b2l.jpg,cds/Healthy/zf2ap5vq.b2l.jpg,1,0,test
zgbilckv.ad1.jpg,cds/Healthy/zgbilckv.ad1.jpg,1,0,train
zgzheyfs.0i1.jpg,cds/Healthy/zgzheyfs.0i1.jpg,1,0,train
zp4lwzbx.xg5.jpg,cds/Healthy/zp4lwzbx.xg5.jpg,1,0,train
zp5fwjj1.xpp.jpg,cds/Healthy/zp5fwjj1.xpp.jpg,1,0,test
zpakzqmc.cqh.jpg,cds/Healthy/zpakzqmc.cqh.jpg,1,0,train
zriumcwp.lzw.jpg,cds/Healthy/zriumcwp.lzw.jpg,1,0,train
zsmtwvvb.ecc.jpg,cds/Healthy/zsmtwvvb.ecc.jpg,1,0,train
zux5hpic.o5y.jpg,cds/Healthy/zux5hpic.o5y.jpg,1,0,train
zw0efmhd.bdv.jpg,cds/Healthy/zw0efmhd.bdv.jpg,1,0,train
zwas5ekm.gbn.jpg,cds/Healthy/zwas5ekm.gbn.jpg,1,0,train
zwsxy2pl.atm.jpg,cds/Healthy/zwsxy2pl.atm.jpg,1,0,train
zwv13j12.njy.jpg,cds/Healthy/zwv13j12.njy.jpg,1,0,train
zxcvzwau.xlx.jpg,cds/Healthy/zxcvzwau.xlx.jpg,1,0,train
zxh0esim.rt1.jpg,cds/Healthy/zxh0esim.rt1.jpg,1,0,train
zxni0xai.zpt.jpg,cds/Healthy/zxni0xai.zpt.jpg,1,0,train
zz3piqti.hdt.jpg,cds/Healthy/zz3piqti.hdt.jpg,1,0,train
040eppzs.4mi.jpg,cds/Potentially unhealthy/040eppzs.4mi.jpg,0,1,train
0cyjlvmu.d2i.jpg,cds/Potentially unhealthy/0cyjlvmu.d2i.jpg,0,1,train
0eoepi5n.4ha.jpg,cds/Potentially unhealthy/0eoepi5n.4ha.jpg,0,1,train
0ivlll2h.2ir.jpg,cds/Potentially unhealthy/0ivlll2h.2ir.jpg,0,1,val
0rah311u.2wa.jpg,cds/Potentially unhealthy/0rah311u.2wa.jpg,0,1,train
0shxadjl.jtt.jpg,cds/Potentially unhealthy/0shxadjl.jtt.jpg,0,1,train
0xrinlsz.fz2.jpg,cds/Potentially unhealthy/0xrinlsz.fz2.jpg,0,1,train
10argrwm.eg2.jpg,cds/Potentially unhealthy/10argrwm.eg2.jpg,0,1,val
14jnzkgp.ofb.jpg,cds/Potentially unhealthy/14jnzkgp.ofb.jpg,0,1,train
1d103mx4.ebq.jpg,cds/Potentially unhealthy/1d103mx4.ebq.jpg,0,1,val
1efie3my.kj5.jpg,cds/Potentially unhealthy/1efie3my.kj5.jpg,0,1,train
1i03emaa.m4g.jpg,cds/Potentially unhealthy/1i03emaa.m4g.jpg,0,1,train
1ivurgz3.405.jpg,cds/Potentially unhealthy/1ivurgz3.405.jpg,0,1,train
1rxmud2i.iy5.jpg,cds/Potentially unhealthy/1rxmud2i.iy5.jpg,0,1,train
1so3vpuk.dut.jpg,cds/Potentially unhealthy/1so3vpuk.dut.jpg,0,1,val
1tp2upw3.wj3.jpg,cds/Potentially unhealthy/1tp2upw3.wj3.jpg,0,1,train
1uufcecz.ksr.jpg,cds/Potentially unhealthy/1uufcecz.ksr.jpg,0,1,train
21dcwt42.zmq.jpg,cds/Potentially unhealthy/21dcwt42.zmq.jpg,0,1,test
233czbdf.3mn.jpg,cds/Potentially unhealthy/233czbdf.3mn.jpg,0,1,val
25o13o2p.4d0.jpg,cds/Potentially unhealthy/25o13o2p.4d0.jpg,0,1,train
2eqs1xz4.2su.jpg,cds/Potentially unhealthy/2eqs1xz4.2su.jpg,0,1,train
2k0kotn4.d3b.jpg,cds/Potentially unhealthy/2k0kotn4.d3b.jpg,0,1,test
2k4i2icu.w5l.jpg,cds/Potentially unhealthy/2k4i2icu.w5l.jpg,0,1,train
2o4udra2.zde.jpg,cds/Potentially unhealthy/2o4udra2.zde.jpg,0,1,train
2qr5ogdh.ax1.jpg,cds/Potentially unhealthy/2qr5ogdh.ax1.jpg,0,1,test
2rsud2vc.4s2.jpg,cds/Potentially unhealthy/2rsud2vc.4s2.jpg,0,1,val
2uihfoo5.c5m.jpg,cds/Potentially unhealthy/2uihfoo5.c5m.jpg,0,1,val
2xqk1umg.ius.jpg,cds/Potentially unhealthy/2xqk1umg.ius.jpg,0,1,test
2zmpblcq.ep3.jpg,cds/Potentially unhealthy/2zmpblcq.ep3.jpg,0,1,train
2zpp45qc.jpk.jpg,cds/Potentially unhealthy/2zpp45qc.jpk.jpg,0,1,val
31go3etl.lvn.jpg,cds/Potentially unhealthy/31go3etl.lvn.jpg,0,1,test
34y32xgj.3wq.jpg,cds/Potentially unhealthy/34y32xgj.3wq.jpg,0,1,train
3bheyw35.ppp.jpg,cds/Potentially unhealthy/3bheyw35.ppp.jpg,0,1,train
3cz211qj.ovb.jpg,cds/Potentially unhealthy/3cz211qj.ovb.jpg,0,1,train
3d5biibu.xju.jpg,cds/Potentially unhealthy/3d5biibu.xju.jpg,0,1,train
3ivjfhyi.lmc.jpg,cds/Potentially unhealthy/3ivjfhyi.lmc.jpg,0,1,train
3qixc4sd.ngk.jpg,cds/Potentially unhealthy/3qixc4sd.ngk.jpg,0,1,train
3segxmo0.5a0.jpg,cds/Potentially unhealthy/3segxmo0.5a0.jpg,0,1,train
3xir43gg.ra5.jpg,cds/Potentially unhealthy/3xir43gg.ra5.jpg,0,1,train
4avbun5d.rtp.jpg,cds/Potentially unhealthy/4avbun5d.rtp.jpg,0,1,train
4cbnfhjj.pf0.jpg,cds/Potentially unhealthy/4cbnfhjj.pf0.jpg,0,1,train
4cc5h1hl.djo.jpg,cds/Potentially unhealthy/4cc5h1hl.djo.jpg,0,1,test
4crqnyup.bbp.jpg,cds/Potentially unhealthy/4crqnyup.bbp.jpg,0,1,train
4djc2r1n.q3y.jpg,cds/Potentially unhealthy/4djc2r1n.q3y.jpg,0,1,train
4gyw1aji.yb2.jpg,cds/Potentially unhealthy/4gyw1aji.yb2.jpg,0,1,train
4iz1prxr.0uv.jpg,cds/Potentially unhealthy/4iz1prxr.0uv.jpg,0,1,train
4klkumx0.oqb.jpg,cds/Potentially unhealthy/4klkumx0.oqb.jpg,0,1,train
4yqrbnq1.4oe.jpg,cds/Potentially unhealthy/4yqrbnq1.4oe.jpg,0,1,train
4zn20npj.jgv.jpg,cds/Potentially unhealthy/4zn20npj.jgv.jpg,0,1,train
53oja1hl.z4y.jpg,cds/Potentially unhealthy/53oja1hl.z4y.jpg,0,1,train
540zfgbc.az3.jpg,cds/Potentially unhealthy/540zfgbc.az3.jpg,0,1,train
5azfnenr.coh.jpg,cds/Potentially unhealthy/5azfnenr.coh.jpg,0,1,train
5h11j1wx.vpu.jpg,cds/Potentially unhealthy/5h11j1wx.vpu.jpg,0,1,val
5nlr4lh1.epk.jpg,cds/Potentially unhealthy/5nlr4lh1.epk.jpg,0,1,train
5qa0f0pe.dee.jpg,cds/Potentially unhealthy/5qa0f0pe.dee.jpg,0,1,train
5qeus5z4.jw1.jpg,cds/Potentially unhealthy/5qeus5z4.jw1.jpg,0,1,train
5r0pi5jh.veh.jpg,cds/Potentially unhealthy/5r0pi5jh.veh.jpg,0,1,train
5sw2sro4.vkk.jpg,cds/Potentially unhealthy/5sw2sro4.vkk.jpg,0,1,train
5ws3cvr2.ggp.jpg,cds/Potentially unhealthy/5ws3cvr2.ggp.jpg,0,1,train
5yamwli1.ich.jpg,cds/Potentially unhealthy/5yamwli1.ich.jpg,0,1,val
a0qk22mm.5ry.jpg,cds/Potentially unhealthy/a0qk22mm.5ry.jpg,0,1,train
a4sgfb40.jdy.jpg,cds/Potentially unhealthy/a4sgfb40.jdy.jpg,0,1,train
aamxb3wb.rjr.jpg,cds/Potentially unhealthy/aamxb3wb.rjr.jpg,0,1,train
abbtzott.fyk.jpg,cds/Potentially unhealthy/abbtzott.fyk.jpg,0,1,train
admmctha.v4x.jpg,cds/Potentially unhealthy/admmctha.v4x.jpg,0,1,train
aijaxb2k.2jj.jpg,cds/Potentially unhealthy/aijaxb2k.2jj.jpg,0,1,train
aqlv1fmf.roi.jpg,cds/Potentially unhealthy/aqlv1fmf.roi.jpg,0,1,train
arpyvqmh.umh.jpg,cds/Potentially unhealthy/arpyvqmh.umh.jpg,0,1,val
atvkflai.fgi.jpg,cds/Potentially unhealthy/atvkflai.fgi.jpg,0,1,train
b2m05a5k.3u0.jpg,cds/Potentially unhealthy/b2m05a5k.3u0.jpg,0,1,train
b5onphny.wqs.jpg,cds/Potentially unhealthy/b5onphny.wqs.jpg,0,1,train
bc3ps0hf.qpj.jpg,cds/Potentially unhealthy/bc3ps0hf.qpj.jpg,0,1,val
bez2iqqz.xlr.jpg,cds/Potentially unhealthy/bez2iqqz.xlr.jpg,0,1,val
bg3teref.2b4.jpg,cds/Potentially unhealthy/bg3teref.2b4.jpg,0,1,train
bgetwq2s.5rf.jpg,cds/Potentially unhealthy/bgetwq2s.5rf.jpg,0,1,train
bjssxrro.bhe.jpg,cds/Potentially unhealthy/bjssxrro.bhe.jpg,0,1,train
bmz4q5ua.3sy.jpg,cds/Potentially unhealthy/bmz4q5ua.3sy.jpg,0,1,train
boaodwqh.jqc.jpg,cds/Potentially unhealthy/boaodwqh.jqc.jpg,0,1,train
byosqbkd.aoh.jpg,cds/Potentially unhealthy/byosqbkd.aoh.jpg,0,1,train
c3hz5je2.03b.jpg,cds/Potentially unhealthy/c3hz5je2.03b.jpg,0,1,val
ca3wd5yx.xb4.jpg,cds/Potentially unhealthy/ca3wd5yx.xb4.jpg,0,1,train
carqqduv.5ci.jpg,cds/Potentially unhealthy/carqqduv.5ci.jpg,0,1,val
cc04b41m.1pm.jpg,cds/Potentially unhealthy/cc04b41m.1pm.jpg,0,1,train
Concrete wall various-004_1088.png,cds/Potentially unhealthy/Concrete wall various-004_1088.png,0,1,train
Concrete wall various-004_1139.png,cds/Potentially unhealthy/Concrete wall various-004_1139.png,0,1,val
Concrete wall various-004_1141.png,cds/Potentially unhealthy/Concrete wall various-004_1141.png,0,1,val
Concrete wall various-004_1190.jpg,cds/Potentially unhealthy/Concrete wall various-004_1190.jpg,0,1,train
Concrete wall various-004_1193.jpg,cds/Potentially unhealthy/Concrete wall various-004_1193.jpg,0,1,train
Concrete wall various-004_1247.jpg,cds/Potentially unhealthy/Concrete wall various-004_1247.jpg,0,1,train
Concrete wall various-004_155.png,cds/Potentially unhealthy/Concrete wall various-004_155.png,0,1,train
Concrete wall various-004_776.png,cds/Potentially unhealthy/Concrete wall various-004_776.png,0,1,val
Concrete wall various-004_984.png,cds/Potentially unhealthy/Concrete wall various-004_984.png,0,1,test
Concrete-017_453.png,cds/Potentially unhealthy/Concrete-017_453.png,0,1,train
Concrete-017_502.jpg,cds/Potentially unhealthy/Concrete-017_502.jpg,0,1,val
Concrete-017_503.png,cds/Potentially unhealthy/Concrete-017_503.png,0,1,train
Concrete-017_523.jpg,cds/Potentially unhealthy/Concrete-017_523.jpg,0,1,train
Concrete-017_550.png,cds/Potentially unhealthy/Concrete-017_550.png,0,1,train
Concrete-017_571.png,cds/Potentially unhealthy/Concrete-017_571.png,0,1,train
Cracked concrete wall_1385.png,cds/Potentially unhealthy/Cracked concrete wall_1385.png,0,1,train
Cracked concrete wall_1542.png,cds/Potentially unhealthy/Cracked concrete wall_1542.png,0,1,train
Cracked concrete wall_1574.png,cds/Potentially unhealthy/Cracked concrete wall_1574.png,0,1,train
Cracked concrete wall_1575.png,cds/Potentially unhealthy/Cracked concrete wall_1575.png,0,1,test
Cracked concrete wall_1646.jpg,cds/Potentially unhealthy/Cracked concrete wall_1646.jpg,0,1,test
Cracked concrete wall_1704.jpg,cds/Potentially unhealthy/Cracked concrete wall_1704.jpg,0,1,train
Cracked concrete wall_1756.png,cds/Potentially unhealthy/Cracked concrete wall_1756.png,0,1,train
Cracked concrete wall_416.png,cds/Potentially unhealthy/Cracked concrete wall_416.png,0,1,train
Cracked concrete wall_57.jpg,cds/Potentially unhealthy/Cracked concrete wall_57.jpg,0,1,test
cva0ayls.nvr.jpg,cds/Potentially unhealthy/cva0ayls.nvr.jpg,0,1,val
cvdatmpo.wyk.jpg,cds/Potentially unhealthy/cvdatmpo.wyk.jpg,0,1,train
d0gtkrtg.icd.jpg,cds/Potentially unhealthy/d0gtkrtg.icd.jpg,0,1,test
da4lzskm.knb.jpg,cds/Potentially unhealthy/da4lzskm.knb.jpg,0,1,train
debop0yc.qix.jpg,cds/Potentially unhealthy/debop0yc.qix.jpg,0,1,train
didf3joi.24x.jpg,cds/Potentially unhealthy/didf3joi.24x.jpg,0,1,train
dkrn2lqj.cy2.jpg,cds/Potentially unhealthy/dkrn2lqj.cy2.jpg,0,1,train
dnuoygct.ay1.jpg,cds/Potentially unhealthy/dnuoygct.ay1.jpg,0,1,train
downvgcn.weh.jpg,cds/Potentially unhealthy/downvgcn.weh.jpg,0,1,val
DSC01002_ds_11.png,cds/Potentially unhealthy/DSC01002_ds_11.png,0,1,train
DSC01002_ds_113.png,cds/Potentially unhealthy/DSC01002_ds_113.png,0,1,train
DSC01002_ds_131.jpg,cds/Potentially unhealthy/DSC01002_ds_131.jpg,0,1,val
DSC01002_ds_28.png,cds/Potentially unhealthy/DSC01002_ds_28.png,0,1,test
DSC01002_ds_29.png,cds/Potentially unhealthy/DSC01002_ds_29.png,0,1,train
DSC01002_ds_97.png,cds/Potentially unhealthy/DSC01002_ds_97.png,0,1,val
DSC05347_1047.jpg,cds/Potentially unhealthy/DSC05347_1047.jpg,0,1,train
DSC05347_1125.jpg,cds/Potentially unhealthy/DSC05347_1125.jpg,0,1,train
DSC05347_1972.jpg,cds/Potentially unhealthy/DSC05347_1972.jpg,0,1,train
DSC05347_3743.jpg,cds/Potentially unhealthy/DSC05347_3743.jpg,0,1,test
DSC05347_3822.jpg,cds/Potentially unhealthy/DSC05347_3822.jpg,0,1,train
DSC05347_748.jpg,cds/Potentially unhealthy/DSC05347_748.jpg,0,1,test
DSC05347_825.jpg,cds/Potentially unhealthy/DSC05347_825.jpg,0,1,train
DSC05625_41.jpg,cds/Potentially unhealthy/DSC05625_41.jpg,0,1,train
DSC05625_43.jpg,cds/Potentially unhealthy/DSC05625_43.jpg,0,1,test
DSC05625_975.jpg,cds/Potentially unhealthy/DSC05625_975.jpg,0,1,train
DSC05789_1736.jpg,cds/Potentially unhealthy/DSC05789_1736.jpg,0,1,train
DSC05789_1889.jpg,cds/Potentially unhealthy/DSC05789_1889.jpg,0,1,train
DSC05789_1891.jpg,cds/Potentially unhealthy/DSC05789_1891.jpg,0,1,test
DSC05789_2117.jpg,cds/Potentially unhealthy/DSC05789_2117.jpg,0,1,train
DSC05789_2904.jpg,cds/Potentially unhealthy/DSC05789_2904.jpg,0,1,train
DSC05789_2906.jpg,cds/Potentially unhealthy/DSC05789_2906.jpg,0,1,train
DSC08775_1352.jpg,cds/Potentially unhealthy/DSC08775_1352.jpg,0,1,train
DSC08775_1354.jpg,cds/Potentially unhealthy/DSC08775_1354.jpg,0,1,train
DSC08775_1423.jpg,cds/Potentially unhealthy/DSC08775_1423.jpg,0,1,train
DSC08775_1502.jpg,cds/Potentially unhealthy/DSC08775_1502.jpg,0,1,train
dsnzrdv5.ea0.jpg,cds/Potentially unhealthy/dsnzrdv5.ea0.jpg,0,1,train
e5ecrkdj.dka.jpg,cds/Potentially unhealthy/e5ecrkdj.dka.jpg,0,1,train
ea2bjcte.fgj.jpg,cds/Potentially unhealthy/ea2bjcte.fgj.jpg,0,1,train
ebbzghes.tr3.jpg,cds/Potentially unhealthy/ebbzghes.tr3.jpg,0,1,test
ebralcsk.nr0.jpg,cds/Potentially unhealthy/ebralcsk.nr0.jpg,0,1,train
ecv2m4bt.hqy.jpg,cds/Potentially unhealthy/ecv2m4bt.hqy.jpg,0,1,train
ehinhvu2.ohf.jpg,cds/Potentially unhealthy/ehinhvu2.ohf.jpg,0,1,train
ehsk5upm.q0o.jpg,cds/Potentially unhealthy/ehsk5upm.q0o.jpg,0,1,train
ejkx23fb.jjs.jpg,cds/Potentially unhealthy/ejkx23fb.jjs.jpg,0,1,train
ennwrdoi.tsq.jpg,cds/Potentially unhealthy/ennwrdoi.tsq.jpg,0,1,train
esgao3pw.4w0.jpg,cds/Potentially unhealthy/esgao3pw.4w0.jpg,0,1,train
et3yak4b.ahs.jpg,cds/Potentially unhealthy/et3yak4b.ahs.jpg,0,1,test
eua2b4rx.djt.jpg,cds/Potentially unhealthy/eua2b4rx.djt.jpg,0,1,test
eyqag5el.hqw.jpg,cds/Potentially unhealthy/eyqag5el.hqw.jpg,0,1,train
fblnrxe5.5h5.jpg,cds/Potentially unhealthy/fblnrxe5.5h5.jpg,0,1,test
fmhr0te2.gtm.jpg,cds/Potentially unhealthy/fmhr0te2.gtm.jpg,0,1,train
fnmulhrk.y51.jpg,cds/Potentially unhealthy/fnmulhrk.y51.jpg,0,1,val
fqnperpt.3l1.jpg,cds/Potentially unhealthy/fqnperpt.3l1.jpg,0,1,train
fvswjgah.m55.jpg,cds/Potentially unhealthy/fvswjgah.m55.jpg,0,1,train
fwv20eol.4ve.jpg,cds/Potentially unhealthy/fwv20eol.4ve.jpg,0,1,train
fx3ttivu.k0t.jpg,cds/Potentially unhealthy/fx3ttivu.k0t.jpg,0,1,train
g0b0ule5.h3r.jpg,cds/Potentially unhealthy/g0b0ule5.h3r.jpg,0,1,train
g0uv1tqj.kh1.jpg,cds/Potentially unhealthy/g0uv1tqj.kh1.jpg,0,1,test
g2qgotgd.2i2.jpg,cds/Potentially unhealthy/g2qgotgd.2i2.jpg,0,1,test
g3rpxmce.q4k.jpg,cds/Potentially unhealthy/g3rpxmce.q4k.jpg,0,1,train
g52msp0a.ehu.jpg,cds/Potentially unhealthy/g52msp0a.ehu.jpg,0,1,train
gaeo4ufx.qrs.jpg,cds/Potentially unhealthy/gaeo4ufx.qrs.jpg,0,1,train
gbzdupip.5w5.jpg,cds/Potentially unhealthy/gbzdupip.5w5.jpg,0,1,train
gclbdfdg.0ll.jpg,cds/Potentially unhealthy/gclbdfdg.0ll.jpg,0,1,val
ggccd12b.rto.jpg,cds/Potentially unhealthy/ggccd12b.rto.jpg,0,1,test
gn3hfmnd.jl2.jpg,cds/Potentially unhealthy/gn3hfmnd.jl2.jpg,0,1,val
gnyuuwvu.eld.jpg,cds/Potentially unhealthy/gnyuuwvu.eld.jpg,0,1,train
gqyu1qu2.qvl.jpg,cds/Potentially unhealthy/gqyu1qu2.qvl.jpg,0,1,train
gssjqhfi.n10.jpg,cds/Potentially unhealthy/gssjqhfi.n10.jpg,0,1,val
guhaixm5.mvc.jpg,cds/Potentially unhealthy/guhaixm5.mvc.jpg,0,1,train
gvsw4qwo.qeg.jpg,cds/Potentially unhealthy/gvsw4qwo.qeg.jpg,0,1,val
gxpi2mx2.sfk.jpg,cds/Potentially unhealthy/gxpi2mx2.sfk.jpg,0,1,val
h55xx3i5.la4.jpg,cds/Potentially unhealthy/h55xx3i5.la4.jpg,0,1,train
hefe0q2b.22e.jpg,cds/Potentially unhealthy/hefe0q2b.22e.jpg,0,1,test
hja0acdy.41p.jpg,cds/Potentially unhealthy/hja0acdy.41p.jpg,0,1,train
hji2ee3j.kcw.jpg,cds/Potentially unhealthy/hji2ee3j.kcw.jpg,0,1,val
hog2dums.e5i.jpg,cds/Potentially unhealthy/hog2dums.e5i.jpg,0,1,train
hp0kobuf.j2u.jpg,cds/Potentially unhealthy/hp0kobuf.j2u.jpg,0,1,train
i1o40eit.tei.jpg,cds/Potentially unhealthy/i1o40eit.tei.jpg,0,1,train
ias1yylm.1v3.jpg,cds/Potentially unhealthy/ias1yylm.1v3.jpg,0,1,train
ifqw3w52.did.jpg,cds/Potentially unhealthy/ifqw3w52.did.jpg,0,1,test
innoyxim.d1l.jpg,cds/Potentially unhealthy/innoyxim.d1l.jpg,0,1,test
iqlpqml1.qyg.jpg,cds/Potentially unhealthy/iqlpqml1.qyg.jpg,0,1,test
ivs0j4fk.hif.jpg,cds/Potentially unhealthy/ivs0j4fk.hif.jpg,0,1,val
izzfpw5d.www.jpg,cds/Potentially unhealthy/izzfpw5d.www.jpg,0,1,train
j3uizupk.u5e.jpg,cds/Potentially unhealthy/j3uizupk.u5e.jpg,0,1,test
j5jxiy00.22a.jpg,cds/Potentially unhealthy/j5jxiy00.22a.jpg,0,1,test
j5qeum3d.jqs.jpg,cds/Potentially unhealthy/j5qeum3d.jqs.jpg,0,1,val
jd2dti5n.htz.jpg,cds/Potentially unhealthy/jd2dti5n.htz.jpg,0,1,train
jfxjjsnu.ezz.jpg,cds/Potentially unhealthy/jfxjjsnu.ezz.jpg,0,1,train
ji3dvfvx.1gh.jpg,cds/Potentially unhealthy/ji3dvfvx.1gh.jpg,0,1,train
ji5je3r2.i4p.jpg,cds/Potentially unhealthy/ji5je3r2.i4p.jpg,0,1,train
jr0slomo.vdz.jpg,cds/Potentially unhealthy/jr0slomo.vdz.jpg,0,1,train
jvszciim.vii.jpg,cds/Potentially unhealthy/jvszciim.vii.jpg,0,1,test
k0gxpwbe.0kd.jpg,cds/Potentially unhealthy/k0gxpwbe.0kd.jpg,0,1,train
kfln2sqj.s14.jpg,cds/Potentially unhealthy/kfln2sqj.s14.jpg,0,1,train
kj30r3xq.loq.jpg,cds/Potentially unhealthy/kj30r3xq.loq.jpg,0,1,train
kqq1tm21.hkz.jpg,cds/Potentially unhealthy/kqq1tm21.hkz.jpg,0,1,train
l0judf2t.upr.jpg,cds/Potentially unhealthy/l0judf2t.upr.jpg,0,1,train
l1nwsjng.zn1.jpg,cds/Potentially unhealthy/l1nwsjng.zn1.jpg,0,1,val
l3h0alep.cli.jpg,cds/Potentially unhealthy/l3h0alep.cli.jpg,0,1,train
l5ipcrcu.e2h.jpg,cds/Potentially unhealthy/l5ipcrcu.e2h.jpg,0,1,train
layrjqj4.nfv.jpg,cds/Potentially unhealthy/layrjqj4.nfv.jpg,0,1,train
libhlt1t.s1u.jpg,cds/Potentially unhealthy/libhlt1t.s1u.jpg,0,1,test
lmm13w5v.ax3.jpg,cds/Potentially unhealthy/lmm13w5v.ax3.jpg,0,1,train
lngrfkei.u31.jpg,cds/Potentially unhealthy/lngrfkei.u31.jpg,0,1,val
ltsb0s4u.03v.jpg,cds/Potentially unhealthy/ltsb0s4u.03v.jpg,0,1,val
lwplol4k.gsc.jpg,cds/Potentially unhealthy/lwplol4k.gsc.jpg,0,1,test
lzsyxh2l.lt2.jpg,cds/Potentially unhealthy/lzsyxh2l.lt2.jpg,0,1,train
m2bfmi0w.zb0.jpg,cds/Potentially unhealthy/m2bfmi0w.zb0.jpg,0,1,train
maifu0x0.jyz.jpg,cds/Potentially unhealthy/maifu0x0.jyz.jpg,0,1,test
mh4a3clv.jx2.jpg,cds/Potentially unhealthy/mh4a3clv.jx2.jpg,0,1,train
mk52nrmg.spm.jpg,cds/Potentially unhealthy/mk52nrmg.spm.jpg,0,1,train
mmctymri.ypd.jpg,cds/Potentially unhealthy/mmctymri.ypd.jpg,0,1,test
mrv0tucs.xoe.jpg,cds/Potentially unhealthy/mrv0tucs.xoe.jpg,0,1,test
mujio2av.i2m.jpg,cds/Potentially unhealthy/mujio2av.i2m.jpg,0,1,train
mv0umpxq.qsc.jpg,cds/Potentially unhealthy/mv0umpxq.qsc.jpg,0,1,train
mxvhl3z4.zgz.jpg,cds/Potentially unhealthy/mxvhl3z4.zgz.jpg,0,1,val
mya0thjd.gur.jpg,cds/Potentially unhealthy/mya0thjd.gur.jpg,0,1,train
mz3djmkf.13q.jpg,cds/Potentially unhealthy/mz3djmkf.13q.jpg,0,1,train
ndppsofe.csz.jpg,cds/Potentially unhealthy/ndppsofe.csz.jpg,0,1,train
neerwybs.00v.jpg,cds/Potentially unhealthy/neerwybs.00v.jpg,0,1,train
nfduck1d.rsa.jpg,cds/Potentially unhealthy/nfduck1d.rsa.jpg,0,1,train
nifkac2l.xse.jpg,cds/Potentially unhealthy/nifkac2l.xse.jpg,0,1,train
njkwctmb.f2z.jpg,cds/Potentially unhealthy/njkwctmb.f2z.jpg,0,1,train
nnjk42u3.zhz.jpg,cds/Potentially unhealthy/nnjk42u3.zhz.jpg,0,1,train
nqikumdt.uzt.jpg,cds/Potentially unhealthy/nqikumdt.uzt.jpg,0,1,train
nrkutkrw.wj0.jpg,cds/Potentially unhealthy/nrkutkrw.wj0.jpg,0,1,train
nwxlqcoi.0i0.jpg,cds/Potentially unhealthy/nwxlqcoi.0i0.jpg,0,1,train
nxj5brbq.5je.jpg,cds/Potentially unhealthy/nxj5brbq.5je.jpg,0,1,train
ny1cyi1u.2bn.jpg,cds/Potentially unhealthy/ny1cyi1u.2bn.jpg,0,1,train
o0mj12fb.jof.jpg,cds/Potentially unhealthy/o0mj12fb.jof.jpg,0,1,train
o2lcoxqw.fcx.jpg,cds/Potentially unhealthy/o2lcoxqw.fcx.jpg,0,1,train
ogt1gdzh.pcm.jpg,cds/Potentially unhealthy/ogt1gdzh.pcm.jpg,0,1,train
ohzmzfvr.qf3.jpg,cds/Potentially unhealthy/ohzmzfvr.qf3.jpg,0,1,test
oksh1hww.mtc.jpg,cds/Potentially unhealthy/oksh1hww.mtc.jpg,0,1,train
ou4l0rv1.3gk.jpg,cds/Potentially unhealthy/ou4l0rv1.3gk.jpg,0,1,train
oxgylnpc.cuc.jpg,cds/Potentially unhealthy/oxgylnpc.cuc.jpg,0,1,train
p1kruj20.hdb.jpg,cds/Potentially unhealthy/p1kruj20.hdb.jpg,0,1,train
pj0tl4cy.prq.jpg,cds/Potentially unhealthy/pj0tl4cy.prq.jpg,0,1,train
pjrw1tzu.1tk.jpg,cds/Potentially unhealthy/pjrw1tzu.1tk.jpg,0,1,val
plgjdqcy.mtb.jpg,cds/Potentially unhealthy/plgjdqcy.mtb.jpg,0,1,test
pqzchisk.oag.jpg,cds/Potentially unhealthy/pqzchisk.oag.jpg,0,1,val
prdqtrzw.xze.jpg,cds/Potentially unhealthy/prdqtrzw.xze.jpg,0,1,test
pz5hty5o.yfj.jpg,cds/Potentially unhealthy/pz5hty5o.yfj.jpg,0,1,train
qa1pdwsw.2xd.jpg,cds/Potentially unhealthy/qa1pdwsw.2xd.jpg,0,1,val
qcoyc4ag.y1t.jpg,cds/Potentially unhealthy/qcoyc4ag.y1t.jpg,0,1,val
qdsvnert.3o0.jpg,cds/Potentially unhealthy/qdsvnert.3o0.jpg,0,1,test
qq4ntsry.4ep.jpg,cds/Potentially unhealthy/qq4ntsry.4ep.jpg,0,1,train
qu4sw4vi.53e.jpg,cds/Potentially unhealthy/qu4sw4vi.53e.jpg,0,1,test
r123o2qq.td4.jpg,cds/Potentially unhealthy/r123o2qq.td4.jpg,0,1,train
r3ekxthh.oon.jpg,cds/Potentially unhealthy/r3ekxthh.oon.jpg,0,1,train
r4f10i4k.zzr.jpg,cds/Potentially unhealthy/r4f10i4k.zzr.jpg,0,1,test
rbizeigi.5ro.jpg,cds/Potentially unhealthy/rbizeigi.5ro.jpg,0,1,val
rgrk542s.0mi.jpg,cds/Potentially unhealthy/rgrk542s.0mi.jpg,0,1,test
rjxtjbqj.wld.jpg,cds/Potentially unhealthy/rjxtjbqj.wld.jpg,0,1,train
rmklmn0j.w4m.jpg,cds/Potentially unhealthy/rmklmn0j.w4m.jpg,0,1,val
rpxa4zej.rys.jpg,cds/Potentially unhealthy/rpxa4zej.rys.jpg,0,1,val
rtaeibb3.vsk.jpg,cds/Potentially unhealthy/rtaeibb3.vsk.jpg,0,1,train
rybarjs4.bxe.jpg,cds/Potentially unhealthy/rybarjs4.bxe.jpg,0,1,train
rz4xw2ay.qui.jpg,cds/Potentially unhealthy/rz4xw2ay.qui.jpg,0,1,train
rz5bfohd.g14.jpg,cds/Potentially unhealthy/rz5bfohd.g14.jpg,0,1,train
s1xvbozq.zrx.jpg,cds/Potentially unhealthy/s1xvbozq.zrx.jpg,0,1,train
s233tkw3.yqq.jpg,cds/Potentially unhealthy/s233tkw3.yqq.jpg,0,1,train
s4c454nq.ghh.jpg,cds/Potentially unhealthy/s4c454nq.ghh.jpg,0,1,train
s5jizdcu.asa.jpg,cds/Potentially unhealthy/s5jizdcu.asa.jpg,0,1,train
sdw4vhcf.e4i.jpg,cds/Potentially unhealthy/sdw4vhcf.e4i.jpg,0,1,train
se3zxsak.fsg.jpg,cds/Potentially unhealthy/se3zxsak.fsg.jpg,0,1,train
sg03lele.k31.jpg,cds/Potentially unhealthy/sg03lele.k31.jpg,0,1,train
shdfoneh.v41.jpg,cds/Potentially unhealthy/shdfoneh.v41.jpg,0,1,train
skyqm0wc.nm4.jpg,cds/Potentially unhealthy/skyqm0wc.nm4.jpg,0,1,val
supjtyzp.i32.jpg,cds/Potentially unhealthy/supjtyzp.i32.jpg,0,1,train
t10tk4qz.hge.jpg,cds/Potentially unhealthy/t10tk4qz.hge.jpg,0,1,train
taunotvf.4n2.jpg,cds/Potentially unhealthy/taunotvf.4n2.jpg,0,1,train
tb4eey1h.rtb.jpg,cds/Potentially unhealthy/tb4eey1h.rtb.jpg,0,1,test
texrux2w.kvc.jpg,cds/Potentially unhealthy/texrux2w.kvc.jpg,0,1,train
tfcwmwgo.pta.jpg,cds/Potentially unhealthy/tfcwmwgo.pta.jpg,0,1,train
tgugcecc.ups.jpg,cds/Potentially unhealthy/tgugcecc.ups.jpg,0,1,train
tswkhhro.n1p.jpg,cds/Potentially unhealthy/tswkhhro.n1p.jpg,0,1,val
tvjnw5ko.fmn.jpg,cds/Potentially unhealthy/tvjnw5ko.fmn.jpg,0,1,train
u1upy333.ibd.jpg,cds/Potentially unhealthy/u1upy333.ibd.jpg,0,1,val
u1yw55io.i4o.jpg,cds/Potentially unhealthy/u1yw55io.i4o.jpg,0,1,test
u31ouwob.q1d.jpg,cds/Potentially unhealthy/u31ouwob.q1d.jpg,0,1,test
udlirn51.ezc.jpg,cds/Potentially unhealthy/udlirn51.ezc.jpg,0,1,test
ufnum3pt.h10.jpg,cds/Potentially unhealthy/ufnum3pt.h10.jpg,0,1,train
uix1cuod.55n.jpg,cds/Potentially unhealthy/uix1cuod.55n.jpg,0,1,val
uoiuead2.qrz.jpg,cds/Potentially unhealthy/uoiuead2.qrz.jpg,0,1,train
up5bidvd.i5b.jpg,cds/Potentially unhealthy/up5bidvd.i5b.jpg,0,1,train
uu300jpu.n4z.jpg,cds/Potentially unhealthy/uu300jpu.n4z.jpg,0,1,test
uv2xbhkl.voj.jpg,cds/Potentially unhealthy/uv2xbhkl.voj.jpg,0,1,train
ux4trkir.h0b.jpg,cds/Potentially unhealthy/ux4trkir.h0b.jpg,0,1,train
uyi3br0z.3e3.jpg,cds/Potentially unhealthy/uyi3br0z.3e3.jpg,0,1,train
v4evr1lk.22d.jpg,cds/Potentially unhealthy/v4evr1lk.22d.jpg,0,1,val
v4y2idd2.ngj.jpg,cds/Potentially unhealthy/v4y2idd2.ngj.jpg,0,1,train
vrwfpd0w.vkw.jpg,cds/Potentially unhealthy/vrwfpd0w.vkw.jpg,0,1,train
vtftmyl2.esi.jpg,cds/Potentially unhealthy/vtftmyl2.esi.jpg,0,1,train
vxmu21vo.qxo.jpg,cds/Potentially unhealthy/vxmu21vo.qxo.jpg,0,1,val
vyqm5hrw.t2l.jpg,cds/Potentially unhealthy/vyqm5hrw.t2l.jpg,0,1,train
vz01wzft.dzt.jpg,cds/Potentially unhealthy/vz01wzft.dzt.jpg,0,1,train
w0nvvhxr.cgb.jpg,cds/Potentially unhealthy/w0nvvhxr.cgb.jpg,0,1,train
wbs2rpbr.ddt.jpg,cds/Potentially unhealthy/wbs2rpbr.ddt.jpg,0,1,train
wiyrvzgc.s1g.jpg,cds/Potentially unhealthy/wiyrvzgc.s1g.jpg,0,1,train
wsvau04b.nw0.jpg,cds/Potentially unhealthy/wsvau04b.nw0.jpg,0,1,train
wt0eijfg.ibf.jpg,cds/Potentially unhealthy/wt0eijfg.ibf.jpg,0,1,train
wz2jdriq.sgs.jpg,cds/Potentially unhealthy/wz2jdriq.sgs.jpg,0,1,train
x2bjns2k.ame.jpg,cds/Potentially unhealthy/x2bjns2k.ame.jpg,0,1,train
x3pzamru.tm3.jpg,cds/Potentially unhealthy/x3pzamru.tm3.jpg,0,1,train
xcpgfhxt.4lb.jpg,cds/Potentially unhealthy/xcpgfhxt.4lb.jpg,0,1,train
xmshzl5a.1zu.jpg,cds/Potentially unhealthy/xmshzl5a.1zu.jpg,0,1,train
xoclv4fh.s3q.jpg,cds/Potentially unhealthy/xoclv4fh.s3q.jpg,0,1,train
xqhweku3.wh1.jpg,cds/Potentially unhealthy/xqhweku3.wh1.jpg,0,1,test
xuimtlct.mk4.jpg,cds/Potentially unhealthy/xuimtlct.mk4.jpg,0,1,train
xwzovdxt.hb0.jpg,cds/Potentially unhealthy/xwzovdxt.hb0.jpg,0,1,train
y4x3mbss.okl.jpg,cds/Potentially unhealthy/y4x3mbss.okl.jpg,0,1,train
ycvfy4tg.kf3.jpg,cds/Potentially unhealthy/ycvfy4tg.kf3.jpg,0,1,train
ygkmphpu.txn.jpg,cds/Potentially unhealthy/ygkmphpu.txn.jpg,0,1,test
ygsrj1rf.y2m.jpg,cds/Potentially unhealthy/ygsrj1rf.y2m.jpg,0,1,val
ynmrqf4d.cit.jpg,cds/Potentially unhealthy/ynmrqf4d.cit.jpg,0,1,train
yqffwnhg.gbe.jpg,cds/Potentially unhealthy/yqffwnhg.gbe.jpg,0,1,train
ysa1owo2.hh5.jpg,cds/Potentially unhealthy/ysa1owo2.hh5.jpg,0,1,train
z0nmayrj.s5n.jpg,cds/Potentially unhealthy/z0nmayrj.s5n.jpg,0,1,train
z3cmfl2j.jqu.jpg,cds/Potentially unhealthy/z3cmfl2j.jqu.jpg,0,1,train
z3j15jef.2h4.jpg,cds/Potentially unhealthy/z3j15jef.2h4.jpg,0,1,test
z40t2xuq.jc1.jpg,cds/Potentially unhealthy/z40t2xuq.jc1.jpg,0,1,train
zdvt4bse.hbc.jpg,cds/Potentially unhealthy/zdvt4bse.hbc.jpg,0,1,train
zhhkrudb.ndu.jpg,cds/Potentially unhealthy/zhhkrudb.ndu.jpg,0,1,val
zmb3bwg3.c5c.jpg,cds/Potentially unhealthy/zmb3bwg3.c5c.jpg,0,1,train
zpenarcf.eqg.jpg,cds/Potentially unhealthy/zpenarcf.eqg.jpg,0,1,train
zunhdqpu.mg5.jpg,cds/Potentially unhealthy/zunhdqpu.mg5.jpg,0,1,val
zyx2pymo.3f1.jpg,cds/Potentially unhealthy/zyx2pymo.3f1.jpg,0,1,train
